Transaction_ID,Transaction_Amount,Transaction_Volume,Average_Transaction_Amount,Frequency_of_Transactions,Time_Since_Last_Transaction,Day_of_Week,Time_of_Day,Age,Gender,Income,Account_Type
TX0,1024.835708,3,997.234714,12,29,Friday,6:00,36,Male,1436074,Savings
TX1,1013.952065,4,1020.210306,7,22,Friday,1:00,41,Female,627069,Savings
TX2,970.9560933,1,989.4966039,5,12,Tuesday,21:00,61,Male,786232,Savings
TX3,1040.822254,2,969.52248,16,28,Sunday,14:00,61,Male,619030,Savings
TX4,998.7772411,1,1007.111026,7,7,Friday,8:00,56,Female,649457,Savings
TX5,969.9873075,1,1018.948796,6,20,Thursday,14:00,24,Male,872843,Savings
TX6,973.3175598,2,999.8894428,5,4,Tuesday,7:00,21,Male,1105889,Savings
TX7,931.1030348,4,992.937667,10,29,Sunday,17:00,43,Male,502283,Savings
TX8,1036.923329,4,1003.427366,18,23,Thursday,7:00,38,Female,323247,Savings
TX9,1013.174302,4,1032.835422,14,25,Thursday,12:00,58,Female,1278732,Current
TX10,966.1539,4,1012.233526,19,11,Wednesday,16:00,25,Male,313986,Savings
TX11,1023.802129,2,1026.073225,11,26,Monday,6:00,26,Female,1379111,Current
TX12,955.1832408,3,997.7602436,11,24,Friday,2:00,61,Female,324538,Savings
TX13,897.7788489,3,1021.389618,18,3,Monday,4:00,43,Male,923094,Current
TX14,998.208698,1,1031.292873,19,15,Tuesday,9:00,30,Male,553618,Savings
TX15,1004.352353,4,994.019853,17,4,Saturday,4:00,40,Female,1273548,Savings
TX16,929.0701768,1,1003.80674,11,27,Wednesday,21:00,45,Female,343585,Current
TX17,926.6516057,1,1017.852589,10,28,Thursday,11:00,61,Female,325939,Savings
TX18,1004.853877,2,1019.3729,11,28,Monday,6:00,50,Female,985440,Savings
TX19,980.3945923,4,970.729701,17,9,Wednesday,6:00,23,Female,321959,Savings
TX20,934.5024656,1,1058.873268,7,10,Thursday,23:00,32,Female,361087,Current
TX21,1094.309295,1,1003.491556,18,17,Tuesday,19:00,29,Male,365318,Savings
TX22,904.0614392,1,999.4697225,12,17,Wednesday,16:00,19,Male,1320545,Savings
TX23,977.9116988,4,998.3166983,5,1,Wednesday,1:00,61,Female,425657,Savings
TX24,1057.141141,3,1015.038661,5,6,Friday,19:00,51,Male,1283237,Savings
TX25,1060.902522,4,992.2108395,5,9,Thursday,5:00,33,Female,1364284,Current
TX26,979.1771818,4,1017.150065,7,26,Wednesday,18:00,37,Female,958271,Current
TX27,1021.400642,4,950.6060227,5,11,Thursday,17:00,40,Male,854594,Current
TX28,968.7191852,4,989.5507704,13,20,Thursday,16:00,19,Female,986976,Savings
TX29,1012.99414,1,1015.636457,13,3,Wednesday,15:00,33,Female,890978,Savings
TX30,985.725535,1,1021.305849,12,20,Wednesday,16:00,25,Male,1091971,Savings
TX31,1011.314413,3,1016.948029,18,25,Wednesday,17:00,63,Male,1426081,Current
TX32,1052.46737,1,1026.502113,8,1,Thursday,0:00,31,Female,1177844,Current
TX33,976.873657,4,977.7500529,11,3,Monday,0:00,29,Male,407450,Current
TX34,931.5064472,2,984.564385,18,6,Saturday,12:00,25,Male,1499386,Savings
TX35,903.1811895,1,983.0528494,16,15,Monday,4:00,36,Male,1274339,Current
TX36,1002.099003,1,997.2545637,16,28,Saturday,13:00,23,Female,478274,Current
TX37,1030.306468,3,961.1154081,7,28,Monday,19:00,38,Male,568246,Savings
TX38,994.4398,2,965.0186113,13,10,Sunday,21:00,20,Female,1317703,Savings
TX39,942.6140014,3,1027.792057,15,10,Tuesday,16:00,57,Female,1323904,Current
TX40,1020.931973,3,985.436415,17,10,Sunday,2:00,42,Female,1097079,Savings
TX41,1001.196591,1,1017.43828,8,13,Thursday,0:00,25,Female,748982,Savings
TX42,1003.417563,4,991.8118234,11,22,Wednesday,21:00,39,Male,1379600,Current
TX43,955.3439863,1,993.3036551,12,21,Thursday,11:00,61,Female,1304646,Current
TX44,1119.451798,3,1036.868275,12,20,Friday,17:00,59,Female,1170045,Savings
TX45,994.6402762,3,990.2756543,16,26,Sunday,4:00,43,Male,1356884,Current
TX46,993.2141309,4,984.1298996,9,1,Tuesday,0:00,64,Male,1343233,Savings
TX47,984.0322461,1,995.9076699,12,13,Friday,0:00,33,Male,706716,Savings
TX48,1018.864813,2,1033.02702,17,23,Wednesday,11:00,43,Male,367215,Current
TX49,965.9997833,3,994.7318831,5,14,Saturday,19:00,22,Male,526507,Current
TX50,972.5373546,2,1021.935925,18,5,Sunday,9:00,22,Female,950419,Current
TX51,1072.063664,2,971.282757,5,24,Friday,12:00,21,Female,851951,Savings
TX52,1009.952985,1,987.9956625,16,27,Thursday,23:00,29,Male,836226,Current
TX53,969.2433161,3,1042.226353,15,5,Thursday,2:00,18,Female,1386880,Savings
TX54,942.752574,1,1011.826322,17,12,Sunday,13:00,19,Female,1179090,Current
TX55,922.8137299,2,1022.337869,12,29,Tuesday,9:00,43,Male,365953,Current
TX56,998.5789271,2,965.6715111,9,18,Friday,10:00,46,Male,831831,Current
TX57,1040.643106,1,1012.592577,8,10,Friday,8:00,41,Male,1133727,Savings
TX58,1080.541015,4,1010.559209,6,17,Sunday,23:00,40,Female,700573,Savings
TX59,2769.890232,3,1007.261392,17,23,Monday,2:00,58,Male,1198320,Current
TX60,983.701343,1,1065.079703,10,13,Wednesday,18:00,53,Male,709995,Savings
TX61,1019.602094,3,997.509495,8,19,Tuesday,14:00,33,Female,1173332,Current
TX62,1010.095372,4,983.9052663,15,21,Thursday,20:00,40,Male,497775,Savings
TX63,965.0426711,3,999.8236591,14,5,Wednesday,22:00,46,Female,1438506,Current
TX64,1030.692067,1,1027.157616,10,7,Saturday,12:00,57,Male,339081,Savings
TX65,1044.310098,2,995.3259364,9,29,Friday,5:00,36,Male,1376871,Savings
TX66,927.5957829,4,971.8507245,5,7,Monday,12:00,21,Male,817923,Current
TX67,964.0777889,1,995.731057,16,22,Sunday,9:00,43,Male,1049074,Savings
TX68,999.0491896,1,979.9494127,6,28,Saturday,19:00,45,Male,751015,Current
TX69,1016.135928,1,983.4553811,7,13,Thursday,16:00,42,Male,513920,Current
TX70,1011.204624,1,1000.251848,8,3,Wednesday,19:00,35,Female,1158158,Savings
TX71,1072.55718,3,1019.185417,5,21,Saturday,21:00,20,Male,1498735,Current
TX72,1018.345471,2,1004.189937,12,6,Thursday,23:00,45,Female,1205588,Current
TX73,958.0139079,2,988.0121471,12,26,Thursday,17:00,45,Female,720571,Current
TX74,933.7194862,3,984.5758908,10,17,Monday,0:00,37,Male,1342892,Savings
TX75,955.0792664,2,1009.838383,7,29,Saturday,17:00,22,Male,875278,Savings
TX76,1007.102505,1,1020.743169,11,24,Monday,21:00,18,Female,412816,Savings
TX77,1068.61889,1,986.4442781,10,27,Wednesday,16:00,30,Male,451456,Savings
TX78,877.3867699,1,981.9741236,9,16,Sunday,5:00,45,Male,1015460,Savings
TX79,1075.811666,1,1006.24917,14,10,Wednesday,16:00,38,Male,1387341,Savings
TX80,957.573965,4,981.2750994,18,1,Monday,7:00,49,Male,392193,Savings
TX81,958.6053461,2,993.9227113,14,2,Saturday,21:00,20,Female,918362,Savings
TX82,1046.853626,4,988.6134774,9,27,Monday,16:00,64,Male,839542,Current
TX83,1032.268797,2,1027.372631,15,19,Sunday,5:00,51,Female,306949,Savings
TX84,1080.528923,3,1025.479868,15,19,Sunday,1:00,55,Male,1274304,Current
TX85,975.6642752,3,1026.688913,14,19,Monday,4:00,46,Male,733027,Current
TX86,1060.607822,1,997.119014,16,20,Friday,1:00,23,Female,1354145,Savings
TX87,1056.133884,4,971.1760848,15,19,Sunday,22:00,33,Male,502846,Savings
TX88,1080.589638,4,983.740889,12,4,Monday,2:00,49,Female,726650,Current
TX89,950.7136977,2,1010.08093,7,19,Friday,4:00,35,Female,1459771,Current
TX90,988.2070096,2,998.4647218,5,5,Monday,11:00,43,Female,1048589,Savings
TX91,1002.8737,1,954.3439502,15,9,Tuesday,14:00,39,Male,1227982,Savings
TX92,938.6973498,4,1000.833305,17,17,Tuesday,3:00,18,Female,490471,Current
TX93,963.1793914,3,1011.590088,19,24,Saturday,13:00,43,Male,1115131,Savings
TX94,968.6737909,1,956.1573989,14,14,Wednesday,23:00,24,Male,960482,Savings
TX95,1001.431028,3,1019.372463,16,13,Tuesday,5:00,52,Female,1121106,Savings
TX96,959.4747077,1,981.9091623,16,10,Sunday,16:00,56,Female,1070173,Savings
TX97,1084.357082,3,1017.632795,13,13,Tuesday,14:00,53,Female,326069,Current
TX98,1076.156204,1,1010.778201,16,19,Tuesday,8:00,54,Male,1302163,Savings
TX99,1046.308877,4,1038.188333,15,13,Saturday,4:00,50,Female,1202580,Savings
TX100,967.4678715,3,990.2574923,18,24,Sunday,8:00,20,Male,718034,Savings
TX101,1039.87421,3,1002.904081,10,22,Monday,23:00,55,Male,1099666,Savings
TX102,1028.317007,3,1016.636364,12,26,Wednesday,12:00,61,Male,437541,Current
TX103,1032.0291,4,983.7043174,19,1,Tuesday,13:00,55,Female,1088260,Current
TX104,1038.21261,1,1000.215963,15,3,Monday,5:00,27,Male,1430756,Current
TX105,1050.31464,1,988.4621626,19,5,Monday,16:00,26,Male,393070,Savings
TX106,876.417775,2,984.0620949,19,17,Friday,11:00,31,Female,1188266,Savings
TX107,1004.329489,2,996.8864553,16,29,Wednesday,8:00,54,Female,1248027,Current
TX108,984.0760745,1,993.6188596,7,27,Saturday,3:00,42,Female,1362636,Current
TX109,1085.464625,4,1016.498004,11,8,Saturday,18:00,55,Female,1289024,Current
TX110,1000.920919,1,1033.528746,5,1,Sunday,22:00,19,Male,711597,Savings
TX111,885.5469372,3,1028.649638,11,19,Tuesday,19:00,32,Female,1206862,Savings
TX112,1031.639093,3,1045.413857,15,4,Friday,5:00,50,Male,1380730,Savings
TX113,1075.488566,3,1008.04069,14,1,Saturday,5:00,30,Female,1420483,Savings
TX114,1112.859914,3,981.3272378,17,8,Friday,14:00,21,Male,663339,Current
TX115,1066.521928,2,1039.986344,15,27,Friday,19:00,28,Male,688349,Savings
TX116,1008.52971,4,1016.711308,11,15,Tuesday,13:00,60,Male,433515,Savings
TX117,986.5582912,4,991.2027142,16,11,Thursday,11:00,53,Male,495716,Savings
TX118,1010.843052,2,1008.842333,5,28,Sunday,8:00,46,Male,1343917,Current
TX119,950.519759,1,997.4842616,14,14,Thursday,21:00,40,Male,794592,Savings
TX120,1002.786246,4,1021.88383,19,21,Sunday,8:00,26,Male,357545,Savings
TX121,949.3947812,1,966.9028666,14,11,Saturday,1:00,24,Female,1474737,Current
TX122,1042.026363,4,999.2301656,15,27,Thursday,18:00,41,Female,1106388,Savings
TX123,988.4532735,3,1013.924127,15,22,Tuesday,17:00,38,Female,458768,Savings
TX124,986.5555655,4,977.8694818,19,29,Monday,6:00,18,Female,1081452,Current
TX125,931.8648198,4,961.7749264,7,29,Monday,12:00,46,Male,897135,Current
TX126,964.3577109,2,1002.128605,7,15,Tuesday,1:00,45,Female,862288,Current
TX127,1062.30426,3,958.5321954,8,1,Friday,22:00,56,Male,1427199,Savings
TX128,1025.689771,2,994.1126668,16,1,Sunday,22:00,45,Female,952465,Savings
TX129,987.1591486,1,1020.485732,11,3,Sunday,7:00,64,Male,762052,Savings
TX130,1025.023876,3,978.9348256,12,2,Wednesday,23:00,31,Female,1030399,Savings
TX131,1011.7326,4,1005.05511,8,5,Saturday,20:00,31,Female,1068734,Savings
TX132,969.8281873,2,994.8575546,11,1,Sunday,20:00,36,Male,1237583,Current
TX133,1016.306651,4,974.9777285,6,2,Monday,14:00,22,Female,387955,Savings
TX134,1050.255108,3,989.8512543,11,23,Thursday,19:00,22,Female,1296261,Current
TX135,968.6344729,1,1025.033029,16,3,Thursday,21:00,61,Male,843351,Current
TX136,999.0055135,4,1006.672871,5,18,Wednesday,16:00,31,Male,859655,Savings
TX137,960.2848712,1,1032.41536,10,22,Wednesday,13:00,21,Female,1080316,Savings
TX138,973.012016,3,984.4339055,10,18,Friday,9:00,53,Male,488456,Savings
TX139,1020.412638,1,965.9483279,10,26,Thursday,22:00,59,Female,1016756,Current
TX140,955.0600046,3,981.8073221,12,2,Thursday,12:00,24,Male,524137,Current
TX141,992.0949255,4,1016.131865,18,26,Saturday,1:00,60,Male,1498898,Current
TX142,1007.360391,1,995.5491706,9,11,Wednesday,3:00,56,Female,528071,Current
TX143,952.5300556,3,1052.647641,12,22,Saturday,4:00,50,Male,544883,Savings
TX144,1014.177904,1,994.3876797,18,27,Friday,10:00,51,Female,799137,Current
TX145,998.2505755,3,1035.416013,12,10,Monday,6:00,52,Male,1393762,Savings
TX146,984.6107192,3,986.8220316,15,17,Friday,16:00,27,Female,860696,Savings
TX147,2802.097817,2,995.4750956,12,19,Sunday,20:00,34,Female,694966,Savings
TX148,1041.884872,4,1027.359706,13,18,Monday,11:00,32,Female,1209164,Current
TX149,984.4827192,4,1002.313696,11,17,Sunday,20:00,39,Male,1393389,Savings
TX150,1017.876312,3,988.2546116,12,18,Wednesday,22:00,46,Male,699953,Savings
TX151,1067.831669,3,945.7501902,5,14,Sunday,23:00,52,Male,859723,Current
TX152,947.8757563,3,1025.558537,11,12,Sunday,14:00,21,Male,1141052,Current
TX153,1061.508066,1,1016.721221,17,10,Thursday,1:00,52,Male,759297,Savings
TX154,1035.66998,3,1000.940344,15,7,Saturday,19:00,46,Female,722845,Current
TX155,1129.885232,4,986.9925811,19,25,Tuesday,6:00,37,Male,1492324,Current
TX156,906.9325548,2,994.0052285,8,18,Saturday,4:00,42,Male,1085332,Savings
TX157,998.2657556,1,1004.684295,13,24,Thursday,11:00,54,Male,1211420,Current
TX158,1028.153944,3,969.3494532,12,14,Wednesday,12:00,51,Female,479352,Savings
TX159,995.1450216,4,1001.086378,8,29,Sunday,21:00,62,Male,1251661,Savings
TX160,968.1130008,2,989.3800609,13,17,Tuesday,2:00,23,Male,1268452,Current
TX161,937.5412469,1,1011.429614,7,20,Tuesday,16:00,59,Male,777602,Savings
TX162,1039.795325,4,1020.970619,7,3,Saturday,12:00,64,Female,1146936,Current
TX163,1077.37526,2,1035.917553,15,9,Wednesday,8:00,20,Male,665464,Current
TX164,1025.336733,3,995.985741,15,2,Thursday,14:00,55,Male,1483620,Savings
TX165,1002.279608,1,987.3801574,16,16,Friday,4:00,30,Female,869936,Savings
TX166,1045.374738,3,1000.717891,12,8,Tuesday,7:00,44,Female,1309612,Savings
TX167,1029.196409,3,992.8141582,12,28,Monday,15:00,58,Male,405228,Current
TX168,1025.120832,2,1017.148919,8,27,Saturday,6:00,22,Female,348874,Current
TX169,997.9189253,3,1011.121133,11,10,Tuesday,10:00,47,Male,342534,Savings
TX170,1018.433665,2,992.1332238,17,29,Thursday,6:00,19,Male,788972,Savings
TX171,1009.554953,1,1000.928731,12,2,Thursday,23:00,62,Female,558722,Current
TX172,980.4530715,3,986.5913687,14,9,Tuesday,14:00,47,Female,1299701,Savings
TX173,1008.777291,2,1008.170247,8,27,Monday,11:00,39,Female,626032,Current
TX174,909.502055,2,1019.300299,12,27,Tuesday,17:00,31,Female,1463950,Current
TX175,1018.355113,3,989.4838923,17,11,Monday,5:00,64,Male,589226,Savings
TX176,972.2400237,2,1037.623141,6,29,Thursday,16:00,52,Female,1224044,Savings
TX177,1004.447614,1,1023.318274,17,11,Thursday,1:00,64,Female,614451,Savings
TX178,935.9847801,1,1017.449147,18,12,Thursday,20:00,64,Male,1008691,Current
TX179,923.7237415,3,986.1618386,15,1,Tuesday,5:00,32,Female,1294465,Current
TX180,937.4230288,3,1028.875292,16,16,Wednesday,7:00,63,Female,677816,Savings
TX181,1017.136267,3,1009.135064,15,14,Tuesday,19:00,24,Female,1346914,Savings
TX182,967.5013394,4,1018.744472,16,26,Wednesday,19:00,63,Female,1086958,Savings
TX183,948.4641249,1,999.0046698,18,12,Thursday,3:00,26,Female,1077147,Savings
TX184,1006.405221,1,986.3789669,6,24,Wednesday,12:00,34,Male,1344244,Current
TX185,991.3482561,2,986.2368062,19,6,Wednesday,12:00,42,Female,1412864,Savings
TX186,1046.992405,1,1016.920271,5,12,Monday,13:00,49,Female,636585,Current
TX187,1003.125137,1,984.3905199,17,1,Friday,19:00,43,Male,978758,Current
TX188,3094.817415,3,980.424667,6,10,Sunday,11:00,57,Female,1158058,Current
TX189,1085.08481,3,1027.6629,13,18,Thursday,7:00,25,Female,1243793,Current
TX190,1063.259863,3,1011.187184,15,7,Wednesday,19:00,33,Female,1283939,Savings
TX191,1067.573921,3,1009.282693,7,9,Thursday,9:00,31,Male,673706,Current
TX192,1032.514079,4,1031.34706,17,25,Friday,18:00,36,Female,1499670,Savings
TX193,1083.576012,1,995.9193884,11,21,Sunday,18:00,61,Female,1106481,Current
TX194,1025.299555,3,960.0517731,7,28,Tuesday,18:00,52,Male,816998,Current
TX195,1054.552305,3,997.7853314,14,29,Thursday,4:00,21,Female,926045,Savings
TX196,1011.222591,4,1020.941966,14,21,Tuesday,3:00,19,Female,589102,Current
TX197,991.368635,2,1017.673199,7,19,Tuesday,21:00,29,Female,549474,Current
TX198,1073.827017,3,1027.601827,5,3,Tuesday,7:00,53,Female,1229065,Savings
TX199,1016.190006,1,994.1702004,13,22,Thursday,14:00,31,Female,1025495,Savings
TX200,1090.584603,3,1017.694528,10,17,Wednesday,1:00,52,Male,1336548,Current
TX201,1055.386023,4,985.8384227,8,13,Sunday,14:00,48,Female,1204586,Savings
TX202,992.4790073,4,1019.910972,14,29,Tuesday,11:00,47,Male,1368392,Current
TX203,922.1709051,3,991.4376968,16,1,Monday,21:00,37,Male,516184,Savings
TX204,918.1637504,4,1024.113829,9,17,Monday,23:00,61,Male,641815,Savings
TX205,1051.514173,4,1004.775783,15,29,Thursday,17:00,31,Male,1046788,Savings
TX206,993.4542014,1,979.3009027,15,5,Monday,16:00,31,Female,1243115,Savings
TX207,1006.96713,1,1009.050698,11,24,Sunday,10:00,40,Female,379141,Current
TX208,1055.409141,2,979.2018815,16,23,Tuesday,20:00,18,Male,1325799,Current
TX209,977.078153,3,988.1232698,10,15,Tuesday,0:00,43,Female,1473930,Current
TX210,998.4556182,1,1040.068145,14,8,Sunday,7:00,29,Male,730424,Savings
TX211,1055.276297,3,1023.740606,19,16,Saturday,20:00,22,Male,458056,Savings
TX212,1015.131773,2,984.914483,10,9,Monday,8:00,42,Female,935567,Savings
TX213,983.2746247,3,1004.12382,13,11,Thursday,1:00,55,Male,784965,Current
TX214,1045.073731,1,997.2227483,13,23,Wednesday,12:00,28,Male,1090144,Savings
TX215,1006.024998,1,979.4265133,9,15,Monday,11:00,24,Male,964468,Current
TX216,1043.741722,1,956.8603871,5,17,Wednesday,11:00,55,Male,934122,Current
TX217,1082.100758,2,1020.196342,6,14,Monday,2:00,38,Female,525049,Current
TX218,918.4663316,4,1003.419419,19,11,Sunday,5:00,63,Female,982347,Current
TX219,1037.946429,1,1005.623828,8,11,Wednesday,14:00,21,Male,1070188,Current
TX220,962.3017706,1,994.3864985,8,16,Friday,19:00,63,Female,991738,Current
TX221,1002.889779,4,1015.393155,14,4,Saturday,17:00,19,Male,1000336,Current
TX222,947.0680325,4,1001.263309,14,7,Friday,6:00,59,Female,1029532,Savings
TX223,1069.870735,1,998.4971167,16,24,Friday,9:00,64,Female,1294170,Current
TX224,1127.302417,2,1008.261131,13,15,Tuesday,23:00,59,Male,818727,Current
TX225,1015.837103,3,1030.193249,9,4,Tuesday,23:00,36,Male,729667,Current
TX226,1090.978652,2,983.4361204,7,4,Tuesday,0:00,22,Female,495246,Current
TX227,1025.139962,1,992.7897157,11,21,Monday,21:00,54,Male,1441154,Savings
TX228,1048.193956,2,1044.21046,13,14,Friday,1:00,52,Male,557681,Savings
TX229,928.2190586,3,961.7378715,13,17,Wednesday,6:00,41,Female,754162,Savings
TX230,2752.63765,4,1020.914703,11,13,Saturday,3:00,57,Male,1460932,Savings
TX231,944.9610359,1,985.7740275,11,4,Friday,16:00,19,Female,1025947,Current
TX232,968.909085,1,1014.027461,12,6,Tuesday,2:00,61,Female,793948,Current
TX233,932.1372385,2,996.2183706,11,12,Tuesday,5:00,34,Female,1080641,Savings
TX234,902.4440763,2,987.4214222,16,26,Thursday,4:00,30,Male,1135036,Current
TX235,950.4653806,4,1012.588272,14,25,Sunday,15:00,29,Female,608623,Savings
TX236,1054.565506,4,1012.182762,18,13,Sunday,18:00,57,Female,329301,Current
TX237,1060.654885,1,1002.834338,8,6,Saturday,17:00,25,Male,1468544,Current
TX238,1007.771367,4,1049.314679,6,29,Saturday,3:00,50,Female,1473057,Current
TX239,923.177413,1,976.1870286,13,1,Wednesday,2:00,40,Female,318073,Savings
TX240,1019.42893,3,1049.85999,10,11,Sunday,21:00,54,Female,361929,Savings
TX241,874.2480774,2,1000.564054,6,13,Wednesday,23:00,59,Female,1290669,Current
TX242,1028.42205,4,1011.991882,18,9,Sunday,20:00,52,Female,1093153,Savings
TX243,978.294491,2,989.1244113,8,18,Tuesday,1:00,42,Female,1150741,Current
TX244,1045.618731,1,968.0457616,18,16,Saturday,13:00,20,Female,990658,Savings
TX245,946.7443168,1,993.8955059,6,8,Friday,1:00,21,Female,856110,Savings
TX246,3008.497489,4,1010.593855,16,13,Sunday,13:00,37,Male,551537,Current
TX247,1036.288341,4,990.8208623,17,11,Saturday,1:00,40,Male,1027506,Savings
TX248,1057.199396,2,959.6880113,14,25,Tuesday,10:00,48,Female,1206295,Savings
TX249,970.0753192,1,965.1803629,7,21,Monday,13:00,24,Female,1445935,Savings
TX250,1046.862904,4,1030.426603,11,8,Monday,4:00,56,Male,727387,Current
TX251,1047.477707,4,970.3020406,10,7,Tuesday,4:00,52,Female,658918,Current
TX252,902.8006285,3,1053.994283,9,29,Saturday,4:00,19,Male,363037,Current
TX253,980.4217597,3,999.6961374,9,10,Sunday,23:00,56,Female,1409004,Current
TX254,999.2345075,3,1011.58583,5,28,Wednesday,20:00,43,Female,1359325,Current
TX255,977.8358874,4,982.3039457,6,8,Wednesday,8:00,46,Female,1117052,Current
TX256,1073.558516,1,995.8135265,5,9,Monday,23:00,26,Male,928864,Current
TX257,1016.25884,4,996.6655193,16,8,Friday,10:00,51,Male,808679,Savings
TX258,1013.827183,3,1015.989985,5,28,Sunday,23:00,62,Female,1445298,Savings
TX259,969.7830464,4,998.4836521,13,23,Wednesday,0:00,62,Male,1496179,Savings
TX260,959.8753633,2,1025.976226,8,11,Thursday,14:00,36,Male,1321318,Savings
TX261,969.4555054,2,1023.890637,9,5,Saturday,21:00,49,Male,721486,Savings
TX262,1049.802384,1,984.8640982,13,2,Sunday,17:00,20,Male,482051,Savings
TX263,1066.409707,1,1011.1246,13,26,Sunday,17:00,27,Male,1303171,Current
TX264,1072.780935,3,1035.985432,16,2,Wednesday,9:00,32,Male,326806,Savings
TX265,988.0733277,2,984.4197231,16,26,Monday,17:00,39,Female,707507,Current
TX266,988.9373188,2,994.463734,5,24,Friday,2:00,49,Female,420029,Savings
TX267,991.6439143,1,1005.651599,18,21,Saturday,7:00,63,Male,1141965,Savings
TX268,1033.144063,3,1023.469477,10,22,Wednesday,21:00,45,Female,1180412,Savings
TX269,972.9923306,1,1006.281059,19,20,Wednesday,17:00,48,Male,784814,Current
TX270,1061.914154,1,1000.425432,10,11,Friday,0:00,20,Female,1095326,Current
TX271,1008.1335,1,982.8738686,9,15,Tuesday,15:00,25,Male,715872,Savings
TX272,1026.956605,4,1006.832584,12,3,Tuesday,1:00,60,Male,989556,Savings
TX273,1035.991865,3,1028.930079,6,9,Friday,8:00,53,Female,1367609,Savings
TX274,1015.624584,2,1006.386664,18,25,Tuesday,20:00,37,Male,1465898,Current
TX275,1031.712057,2,1009.505712,12,19,Friday,3:00,64,Female,842601,Current
TX276,1011.234236,1,1018.651817,10,21,Saturday,7:00,56,Male,1428649,Current
TX277,923.7171843,1,1025.251682,17,20,Monday,22:00,24,Male,368099,Current
TX278,1089.607796,1,1001.622005,14,23,Thursday,3:00,41,Female,1152129,Savings
TX279,1080.305975,4,1031.24919,16,19,Monday,13:00,36,Female,743031,Current
TX280,1055.795103,2,987.0146884,9,4,Wednesday,15:00,62,Female,590998,Savings
TX281,956.117879,3,1015.64987,8,17,Wednesday,14:00,28,Female,1233688,Savings
TX282,1009.492392,1,1011.535161,10,4,Thursday,15:00,64,Female,1039290,Current
TX283,1042.504699,2,1017.514317,9,25,Thursday,9:00,20,Female,543306,Current
TX284,1007.044312,1,964.6312127,7,21,Wednesday,9:00,52,Female,1037266,Current
TX285,965.4341314,4,955.5277594,5,21,Tuesday,4:00,53,Male,1069605,Savings
TX286,975.6621496,3,1002.836703,6,3,Monday,23:00,53,Female,950024,Current
TX287,1017.738924,4,978.0427528,13,20,Monday,3:00,38,Male,774013,Current
TX288,1044.31651,2,986.1467688,10,10,Monday,12:00,23,Female,866088,Current
TX289,973.6960984,4,999.7196092,6,26,Wednesday,20:00,21,Male,1365649,Current
TX290,911.8583758,3,979.4671853,19,18,Wednesday,19:00,41,Female,770670,Savings
TX291,987.079964,2,1018.53442,16,24,Saturday,4:00,38,Female,1083441,Savings
TX292,1022.300005,1,985.9345695,12,17,Wednesday,18:00,42,Female,1410868,Current
TX293,919.2434092,1,1023.294787,5,18,Friday,3:00,59,Female,429350,Current
TX294,1023.499913,4,1038.294246,17,29,Tuesday,10:00,58,Female,1142150,Savings
TX295,1018.974103,2,1036.230096,18,6,Tuesday,0:00,27,Male,1361716,Savings
TX296,1020.21286,1,982.3196909,6,10,Tuesday,15:00,56,Male,393269,Current
TX297,1047.224549,2,986.2154186,16,27,Tuesday,2:00,49,Female,580852,Savings
TX298,975.8628239,2,980.9334278,8,22,Sunday,23:00,57,Female,1104565,Current
TX299,975.1250671,1,986.2299298,13,8,Tuesday,16:00,19,Female,1430392,Savings
TX300,986.5765865,4,986.0612051,5,10,Thursday,2:00,23,Male,479635,Current
TX301,889.7981212,3,979.250932,7,5,Wednesday,10:00,29,Male,422775,Current
TX302,1063.531553,1,985.8538932,9,8,Sunday,8:00,64,Male,471918,Current
TX303,1003.392776,2,1017.055474,16,20,Saturday,11:00,19,Female,1124143,Current
TX304,983.2612334,4,991.9270307,12,5,Thursday,15:00,60,Female,1046084,Current
TX305,1103.126246,2,978.6493417,7,9,Thursday,10:00,63,Female,878688,Current
TX306,1013.252802,1,999.0994635,18,13,Tuesday,3:00,45,Female,694341,Current
TX307,3058.483023,3,984.5526043,5,4,Monday,19:00,51,Female,819165,Current
TX308,959.7314086,1,1011.928847,13,20,Saturday,17:00,23,Male,1470808,Savings
TX309,1065.855753,4,997.6386295,13,21,Tuesday,21:00,20,Male,1361339,Current
TX310,918.8021396,4,1003.23126,12,26,Saturday,0:00,38,Male,1145474,Savings
TX311,980.4120925,3,981.5517963,6,26,Wednesday,22:00,39,Male,1486064,Savings
TX312,994.8488399,3,1024.502647,15,3,Monday,19:00,33,Female,423950,Current
TX313,1014.164394,4,994.8219005,5,8,Sunday,22:00,20,Female,1054105,Savings
TX314,903.1942343,3,1002.516939,9,3,Monday,20:00,63,Male,775595,Current
TX315,1034.170925,4,988.1173085,17,15,Tuesday,18:00,50,Male,1173093,Current
TX316,1033.628685,3,1037.997639,6,24,Saturday,5:00,31,Male,1435092,Current
TX317,891.3665227,2,1016.948434,19,14,Wednesday,19:00,42,Male,546183,Savings
TX318,1016.599017,3,1003.809994,10,16,Monday,18:00,63,Female,839570,Savings
TX319,1027.043461,4,1017.695021,8,13,Sunday,13:00,26,Male,573146,Current
TX320,1028.467972,3,1044.689578,19,20,Saturday,23:00,55,Male,858516,Current
TX321,954.4648088,2,1001.837295,13,1,Thursday,13:00,28,Male,395028,Savings
TX322,947.315879,2,978.6439416,13,4,Wednesday,3:00,45,Female,1215207,Current
TX323,982.1448815,2,1015.887668,13,24,Sunday,22:00,33,Female,1383868,Current
TX324,974.7584718,4,1015.901432,7,11,Saturday,17:00,38,Female,874100,Savings
TX325,953.6323433,1,1004.76738,13,29,Monday,3:00,52,Male,1095600,Current
TX326,943.978867,3,997.8012457,14,20,Friday,21:00,57,Female,1279448,Savings
TX327,949.2790561,3,1015.657405,16,28,Thursday,21:00,29,Male,570914,Current
TX328,1021.211713,2,1002.866783,15,23,Monday,0:00,25,Female,1303429,Savings
TX329,994.7234974,1,996.312867,17,12,Saturday,7:00,36,Male,1459608,Savings
TX330,988.9902686,4,958.6429055,18,3,Friday,19:00,30,Male,878533,Current
TX331,1014.896053,1,1005.774648,14,7,Friday,20:00,59,Male,436554,Savings
TX332,970.9611106,1,1017.074261,12,21,Wednesday,6:00,58,Male,846495,Current
TX333,980.0444074,1,986.9420646,12,12,Wednesday,11:00,25,Male,491420,Current
TX334,1038.601078,4,1030.626475,5,13,Tuesday,6:00,45,Female,1167780,Current
TX335,1007.243383,2,987.7045427,6,2,Thursday,0:00,53,Female,858830,Current
TX336,1076.069925,1,990.181251,16,26,Wednesday,14:00,58,Female,633569,Savings
TX337,1061.320257,2,1023.141928,7,11,Friday,9:00,31,Male,1156626,Savings
TX338,1010.336202,4,1015.178772,7,20,Saturday,20:00,19,Male,1186364,Current
TX339,1002.91755,4,985.1043159,6,17,Monday,11:00,52,Male,826570,Savings
TX340,1133.905494,2,990.2869765,9,21,Saturday,16:00,48,Male,1028342,Savings
TX341,1052.397103,4,993.2920855,7,13,Sunday,8:00,55,Male,860315,Savings
TX342,971.9057168,3,973.4278956,16,12,Sunday,8:00,40,Male,382279,Current
TX343,986.3786149,4,998.5017831,5,24,Sunday,1:00,45,Female,1299430,Current
TX344,951.7797873,1,991.3968673,14,28,Tuesday,2:00,60,Female,868302,Savings
TX345,992.469704,1,985.7249229,5,6,Friday,7:00,51,Male,811603,Current
TX346,1075.731845,3,1040.713566,8,17,Friday,17:00,22,Female,1128791,Current
TX347,1001.397573,1,1008.363742,8,26,Wednesday,13:00,60,Male,676794,Savings
TX348,987.0601969,2,1031.972943,14,5,Tuesday,4:00,59,Female,308036,Savings
TX349,868.8105882,2,975.586599,16,9,Monday,12:00,64,Female,1232477,Savings
TX350,923.016674,4,970.2744594,10,4,Friday,4:00,58,Male,302352,Savings
TX351,936.5982225,1,1002.466581,15,23,Wednesday,2:00,59,Female,964929,Savings
TX352,960.6108124,1,987.583048,9,14,Sunday,11:00,38,Male,767243,Savings
TX353,1008.541595,1,1025.204148,16,24,Friday,2:00,30,Male,1407054,Current
TX354,973.9049093,1,1011.296283,5,3,Thursday,17:00,57,Female,899253,Current
TX355,1098.034564,1,1022.547165,11,21,Thursday,4:00,34,Male,539779,Current
TX356,1083.222013,2,1031.238128,17,15,Thursday,21:00,38,Female,1393365,Current
TX357,981.9118466,1,1005.602428,12,20,Monday,13:00,29,Female,1473650,Current
TX358,954.5317615,4,1000.577514,10,23,Tuesday,3:00,55,Female,721280,Savings
TX359,909.2563478,3,1038.727786,15,25,Wednesday,17:00,34,Male,1462189,Current
TX360,890.0194641,3,965.7512108,19,15,Thursday,6:00,62,Female,1499151,Current
TX361,948.8386117,3,984.1114789,10,3,Wednesday,4:00,30,Male,848333,Savings
TX362,1036.1348,2,982.7529525,10,29,Saturday,10:00,20,Male,942613,Savings
TX363,1111.987152,1,1009.201412,16,2,Monday,23:00,52,Female,1398423,Savings
TX364,1072.346677,3,1002.818778,7,18,Tuesday,16:00,57,Male,1098022,Current
TX365,1060.463306,3,971.2087189,9,13,Friday,8:00,18,Female,1237635,Current
TX366,969.0381768,3,1006.262377,13,2,Saturday,13:00,21,Male,662462,Current
TX367,990.4476155,3,989.0312066,18,28,Friday,12:00,49,Female,518401,Savings
TX368,1019.530659,1,1015.858659,11,2,Tuesday,15:00,55,Female,1060129,Current
TX369,991.9317813,3,985.8085541,19,28,Tuesday,6:00,20,Female,1417063,Current
TX370,960.5529616,3,990.5834205,15,22,Friday,6:00,56,Female,954224,Savings
TX371,1003.944805,1,1000.462774,7,21,Wednesday,21:00,48,Male,578710,Current
TX372,849.0243922,2,1003.676991,8,8,Saturday,19:00,37,Female,300159,Current
TX373,873.8256265,2,1036.013173,8,21,Sunday,21:00,47,Female,945822,Current
TX374,965.2265384,3,1031.141971,18,2,Tuesday,23:00,51,Male,479838,Current
TX375,968.6904984,4,1000.30758,10,6,Monday,22:00,41,Male,1034983,Current
TX376,957.077503,3,1022.511755,13,1,Wednesday,18:00,26,Female,436643,Current
TX377,1013.128066,1,1003.871798,7,17,Saturday,15:00,29,Male,332441,Current
TX378,1003.917433,4,988.9025657,15,25,Sunday,9:00,64,Male,967540,Current
TX379,991.5746685,4,1003.989759,16,11,Monday,3:00,64,Female,878328,Savings
TX380,969.1174052,3,993.6785429,7,12,Friday,9:00,34,Male,1103940,Current
TX381,878.7392861,4,999.3965667,13,3,Sunday,15:00,35,Female,930527,Current
TX382,929.7717871,4,971.6700473,11,9,Friday,17:00,54,Male,1460291,Savings
TX383,980.166892,1,1009.650481,10,11,Saturday,23:00,39,Female,638540,Savings
TX384,1033.644311,4,996.7116712,6,3,Thursday,5:00,61,Female,778356,Current
TX385,982.829445,1,1039.293901,8,21,Thursday,10:00,52,Female,588816,Savings
TX386,1002.045959,4,979.9562509,19,21,Tuesday,13:00,30,Male,1106564,Savings
TX387,1008.824366,3,1001.646598,13,3,Sunday,5:00,34,Male,616275,Current
TX388,999.036981,4,994.7421834,14,28,Tuesday,5:00,18,Male,581755,Current
TX389,956.7066781,4,985.6151332,14,12,Wednesday,21:00,59,Male,895642,Savings
TX390,923.7647275,1,972.9288029,10,7,Friday,0:00,24,Male,1409816,Current
TX391,1049.433458,3,972.9710847,8,15,Wednesday,8:00,49,Male,828714,Savings
TX392,1018.560643,4,1023.064772,12,13,Saturday,3:00,57,Female,1438882,Current
TX393,1015.60348,2,1002.998633,16,13,Sunday,22:00,61,Female,1276089,Current
TX394,1007.580941,3,1000.508534,9,24,Thursday,17:00,28,Female,1409791,Current
TX395,989.7136205,3,986.9996666,14,12,Sunday,9:00,43,Male,413688,Current
TX396,1019.663461,3,1028.259895,17,21,Thursday,14:00,48,Male,1334186,Current
TX397,959.4571244,4,974.8484428,10,24,Saturday,14:00,48,Male,1166792,Savings
TX398,1055.725814,2,1022.278973,9,20,Thursday,8:00,28,Male,859351,Current
TX399,919.6169486,1,1003.694812,14,21,Saturday,4:00,23,Female,781725,Current
TX400,1109.382494,1,962.1105386,19,3,Saturday,5:00,46,Female,1163659,Savings
TX401,1015.080962,1,1013.759339,15,13,Tuesday,10:00,48,Female,1493627,Current
TX402,961.9155897,4,1006.197546,7,28,Wednesday,11:00,28,Female,685893,Savings
TX403,1008.137221,4,1000.827581,16,19,Friday,1:00,34,Female,1050186,Current
TX404,1026.298878,2,997.5659209,11,8,Friday,9:00,25,Female,900541,Current
TX405,951.9255815,1,1016.617046,15,7,Monday,19:00,41,Female,912181,Current
TX406,1015.30072,1,1021.093326,14,4,Friday,9:00,60,Female,979892,Savings
TX407,965.2164311,2,978.3161722,11,8,Wednesday,21:00,54,Male,1167482,Current
TX408,999.0125453,1,990.2684022,17,10,Thursday,8:00,44,Male,1404417,Current
TX409,967.5313481,4,1026.426081,8,21,Saturday,2:00,52,Male,1352272,Current
TX410,914.7651493,1,991.5491778,6,13,Thursday,19:00,44,Female,628785,Current
TX411,939.4414035,2,1014.615282,14,13,Thursday,19:00,40,Female,723177,Savings
TX412,1024.358222,1,1013.150488,14,1,Monday,21:00,51,Female,1383116,Savings
TX413,981.7725427,4,970.7688765,15,24,Wednesday,20:00,52,Male,1015339,Current
TX414,959.744538,4,1019.157645,11,15,Sunday,6:00,43,Male,569956,Current
TX415,1070.552545,2,991.8917998,8,15,Tuesday,19:00,62,Male,732680,Current
TX416,1037.305049,2,967.4992806,16,14,Monday,3:00,32,Male,738242,Savings
TX417,869.7893072,4,1003.978963,15,8,Sunday,3:00,51,Female,844279,Savings
TX418,1052.925215,2,990.3924502,13,17,Sunday,20:00,40,Male,1255230,Current
TX419,1017.383824,1,990.2554287,17,25,Thursday,21:00,23,Female,519526,Current
TX420,1049.749083,2,996.7494774,19,4,Thursday,11:00,55,Female,345475,Savings
TX421,1033.315625,3,1009.251826,14,18,Saturday,4:00,42,Female,517583,Current
TX422,3218.959781,1,965.597949,15,23,Sunday,9:00,27,Female,1002495,Current
TX423,1024.015233,1,988.612326,5,11,Tuesday,21:00,34,Male,1043859,Savings
TX424,953.7751395,1,1006.603337,10,17,Monday,18:00,53,Male,1382448,Current
TX425,1054.097103,3,1019.910649,10,1,Sunday,22:00,56,Male,926256,Savings
TX426,2944.766209,4,990.8053854,8,21,Wednesday,16:00,29,Female,973647,Savings
TX427,1031.680577,1,1001.759376,5,3,Tuesday,14:00,53,Male,612863,Current
TX428,1039.707003,1,995.594908,7,11,Thursday,2:00,57,Male,1090605,Current
TX429,924.1063127,3,992.859416,17,19,Saturday,0:00,57,Male,1333668,Savings
TX430,1034.941421,1,1008.419459,18,3,Wednesday,11:00,33,Female,563625,Savings
TX431,1029.002662,4,1020.221529,11,2,Saturday,18:00,54,Female,689959,Current
TX432,1034.178466,3,972.6808858,6,16,Sunday,18:00,35,Female,1123759,Current
TX433,980.3842616,4,991.5497453,18,21,Wednesday,4:00,44,Male,447595,Savings
TX434,923.8820407,1,1022.253767,16,14,Friday,21:00,50,Female,788765,Savings
TX435,987.7075011,2,987.7152676,9,27,Tuesday,14:00,56,Male,783779,Savings
TX436,972.0502636,3,1006.801187,7,22,Friday,23:00,37,Male,389116,Current
TX437,1021.223655,1,996.6381307,13,8,Tuesday,9:00,34,Male,703777,Current
TX438,1075.679899,2,987.7327837,8,9,Monday,16:00,29,Male,798682,Savings
TX439,1019.529695,3,1049.078067,6,28,Tuesday,5:00,39,Female,822154,Current
TX440,940.7044495,3,1006.89794,10,20,Wednesday,8:00,37,Female,361842,Current
TX441,1074.929129,2,1024.955137,9,2,Saturday,2:00,23,Male,1087738,Current
TX442,1059.49557,4,1020.273515,10,9,Wednesday,3:00,19,Female,1388963,Savings
TX443,1027.573814,3,1006.811784,12,22,Thursday,1:00,47,Male,1141708,Current
TX444,988.5304628,4,999.130461,11,17,Monday,3:00,36,Female,564064,Current
TX445,1036.119396,2,982.1093462,14,6,Saturday,16:00,27,Female,382289,Current
TX446,958.2817911,4,1023.428527,15,21,Sunday,14:00,32,Female,433498,Current
TX447,1087.479195,1,1027.629082,13,10,Tuesday,19:00,62,Male,656007,Current
TX448,1052.974027,3,1010.24933,8,15,Sunday,0:00,63,Female,305039,Savings
TX449,987.6845122,2,1013.955538,7,26,Monday,10:00,33,Male,705841,Current
TX450,926.0926456,2,977.3717278,10,19,Thursday,12:00,63,Female,662441,Current
TX451,916.1545763,3,1001.850812,18,8,Wednesday,13:00,59,Female,1371824,Savings
TX452,1007.691596,1,1015.329347,11,17,Thursday,0:00,54,Female,1492503,Current
TX453,978.9802439,2,1027.252341,15,27,Thursday,5:00,57,Male,998787,Savings
TX454,942.3188005,3,1002.272489,16,18,Tuesday,21:00,28,Female,1213081,Current
TX455,965.4806687,2,1000.08186,12,4,Thursday,14:00,18,Male,597986,Current
TX456,1087.46121,1,979.6350071,10,6,Friday,15:00,46,Male,1070692,Savings
TX457,1042.802961,3,1019.155795,8,19,Wednesday,3:00,22,Female,952416,Savings
TX458,945.7424737,4,983.4917894,14,23,Monday,20:00,41,Male,1289336,Savings
TX459,975.3625224,3,1011.388285,9,4,Saturday,9:00,59,Female,361753,Current
TX460,988.5100185,3,982.9718713,17,3,Sunday,21:00,58,Male,523492,Current
TX461,1046.090075,3,1009.653758,7,25,Sunday,21:00,26,Male,1198332,Savings
TX462,883.9184797,4,978.6860057,18,20,Sunday,15:00,40,Female,1354096,Current
TX463,1030.978324,1,1008.214613,10,12,Tuesday,21:00,50,Female,364925,Savings
TX464,985.9490176,2,1008.499322,19,28,Wednesday,3:00,51,Male,1079976,Savings
TX465,966.5306974,3,979.5919087,11,15,Saturday,18:00,32,Female,879223,Current
TX466,1051.069165,3,1041.768855,5,1,Wednesday,2:00,27,Male,1346439,Current
TX467,956.5853634,2,1010.692582,6,19,Friday,21:00,18,Female,606081,Current
TX468,997.8899303,1,1038.628783,17,7,Tuesday,16:00,24,Female,420076,Savings
TX469,1042.922556,3,995.3075886,14,17,Sunday,20:00,18,Female,547536,Savings
TX470,1051.38473,3,1006.404544,17,3,Sunday,20:00,60,Male,966015,Savings
TX471,1031.769068,2,1007.148434,16,9,Monday,21:00,33,Female,1293778,Current
TX472,980.6160908,3,986.5305295,18,29,Wednesday,18:00,19,Male,1467272,Current
TX473,995.493763,1,1020.467712,18,25,Tuesday,18:00,19,Male,639679,Current
TX474,2996.004503,3,988.2352708,13,8,Thursday,14:00,45,Male,1051731,Current
TX475,969.6649853,2,1004.225674,17,13,Saturday,14:00,37,Female,781215,Current
TX476,962.4597347,2,998.1277518,12,27,Sunday,3:00,28,Female,1457738,Current
TX477,990.8403041,2,1013.023229,18,17,Monday,1:00,32,Male,545144,Savings
TX478,916.9758666,2,1036.392787,9,16,Friday,6:00,49,Female,1163731,Savings
TX479,1020.48814,4,982.7782418,16,29,Wednesday,6:00,45,Female,948456,Savings
TX480,942.5422558,2,967.8037709,5,16,Sunday,2:00,38,Male,497097,Current
TX481,1093.231253,2,1022.198592,16,10,Friday,12:00,28,Female,754151,Current
TX482,937.2331942,1,1007.062545,15,2,Saturday,11:00,27,Male,1260811,Savings
TX483,1018.964044,2,1032.181483,6,18,Thursday,18:00,43,Male,698102,Savings
TX484,3166.250653,4,1011.935656,18,6,Monday,14:00,20,Female,745093,Current
TX485,959.3493939,2,1014.679785,17,28,Friday,13:00,30,Male,679747,Savings
TX486,1030.701282,4,1010.567856,11,23,Saturday,23:00,37,Male,1266649,Savings
TX487,952.5287837,4,1028.6947,12,1,Friday,21:00,23,Female,1167196,Current
TX488,983.3681341,1,1009.830842,16,24,Saturday,17:00,23,Female,1476792,Current
TX489,1033.537047,4,994.1548048,17,6,Tuesday,1:00,25,Male,1217472,Current
TX490,964.635331,4,1002.507306,15,20,Thursday,10:00,48,Male,636986,Current
TX491,1018.430041,1,1006.314505,15,3,Sunday,14:00,33,Female,552156,Current
TX492,1008.609205,3,998.6417052,15,21,Wednesday,21:00,28,Male,414589,Current
TX493,1054.088336,3,973.7556161,10,6,Sunday,13:00,41,Male,1193041,Current
TX494,948.413271,3,1022.26721,19,11,Tuesday,2:00,20,Female,739503,Savings
TX495,912.4315022,3,969.4485901,13,4,Friday,18:00,60,Female,1381916,Savings
TX496,932.2990821,3,988.9361563,11,24,Wednesday,13:00,51,Female,765590,Current
TX497,1075.847339,1,1027.022718,7,21,Thursday,17:00,21,Male,1182421,Current
TX498,1031.275401,1,1017.70463,18,11,Wednesday,17:00,44,Female,625329,Savings
TX499,974.0303507,3,1003.06882,19,25,Monday,21:00,27,Male,300917,Current
TX500,1020.205083,4,979.5605178,5,15,Thursday,21:00,39,Male,885457,Savings
TX501,1047.62992,2,1009.473863,6,20,Tuesday,15:00,50,Male,503834,Savings
TX502,1042.325905,2,1009.995329,8,6,Wednesday,23:00,43,Female,436285,Savings
TX503,1010.72837,1,1019.380467,10,2,Thursday,21:00,43,Male,586663,Savings
TX504,1009.710143,4,983.2764424,12,29,Tuesday,16:00,37,Male,788051,Savings
TX505,1040.504033,3,978.4425179,11,16,Friday,14:00,44,Male,821396,Savings
TX506,1012.391649,1,1003.867463,7,19,Thursday,4:00,59,Female,608974,Savings
TX507,1081.271593,3,1028.150529,19,21,Saturday,13:00,37,Male,824006,Current
TX508,899.2397006,1,974.9717226,14,29,Wednesday,13:00,28,Male,1305489,Savings
TX509,940.3144506,3,993.973071,8,18,Saturday,23:00,27,Female,790399,Savings
TX510,987.1910124,3,995.1700511,9,25,Thursday,23:00,40,Male,1338218,Savings
TX511,939.8399572,2,979.1591118,12,28,Tuesday,6:00,45,Male,1077635,Savings
TX512,977.1939586,1,1003.628532,14,22,Thursday,17:00,55,Female,901982,Savings
TX513,975.5575079,3,994.4313423,11,11,Thursday,13:00,49,Female,1241245,Savings
TX514,1011.820893,4,978.7396402,18,24,Wednesday,11:00,40,Male,1335408,Current
TX515,1015.652485,2,999.2468011,13,23,Tuesday,20:00,51,Male,595599,Savings
TX516,1010.903775,1,1000.418947,19,10,Sunday,14:00,56,Female,537068,Savings
TX517,940.7819914,2,990.012314,17,16,Monday,11:00,61,Male,417797,Current
TX518,978.7775648,3,1020.716505,6,16,Sunday,6:00,21,Female,857242,Current
TX519,975.4219421,1,1006.8989,17,17,Monday,4:00,23,Male,1214424,Current
TX520,1054.881248,2,1000.766012,8,28,Sunday,7:00,42,Male,498303,Savings
TX521,966.5134084,4,991.9786267,16,21,Saturday,2:00,45,Female,481890,Current
TX522,1022.0993,2,991.3922905,17,6,Sunday,7:00,23,Male,456877,Savings
TX523,984.7597955,3,1014.778309,19,29,Sunday,4:00,42,Female,1178878,Current
TX524,1020.430365,3,993.8438306,19,22,Thursday,12:00,62,Female,573022,Savings
TX525,970.9588024,4,1002.609082,17,17,Saturday,3:00,50,Female,893792,Current
TX526,964.2726496,2,994.7658986,12,18,Wednesday,12:00,40,Male,636199,Savings
TX527,967.1902023,3,985.3421423,17,7,Friday,16:00,45,Female,1138927,Savings
TX528,1068.605842,3,1012.144909,5,7,Friday,17:00,46,Male,789709,Savings
TX529,980.7489094,1,1007.65978,18,21,Sunday,16:00,57,Female,1067442,Current
TX530,1038.410361,2,1004.30793,16,21,Sunday,19:00,47,Female,1117459,Current
TX531,1032.46144,4,1015.147869,13,15,Thursday,0:00,62,Female,1437613,Current
TX532,1011.242441,3,1009.70929,12,10,Saturday,18:00,28,Male,753222,Savings
TX533,1016.250707,4,991.0751465,14,29,Friday,20:00,57,Male,768535,Current
TX534,968.0004092,1,996.6755703,17,19,Saturday,7:00,58,Female,670608,Savings
TX535,964.8635992,1,975.9061343,9,19,Tuesday,7:00,36,Female,834522,Current
TX536,1078.905903,2,1019.708994,16,2,Saturday,22:00,54,Female,684370,Current
TX537,890.2875878,1,1001.857152,15,4,Tuesday,12:00,49,Female,526256,Savings
TX538,1043.80234,2,1029.453414,7,26,Thursday,2:00,63,Female,1051287,Current
TX539,918.0257919,2,992.1505779,12,1,Sunday,11:00,25,Female,435639,Current
TX540,1032.02399,4,996.1899379,15,9,Sunday,15:00,29,Female,303358,Savings
TX541,1004.260472,2,940.1772806,12,22,Tuesday,8:00,43,Female,538483,Savings
TX542,1023.333549,3,1030.420125,12,5,Wednesday,15:00,32,Male,492971,Savings
TX543,980.2518902,3,1011.506777,6,23,Sunday,17:00,37,Male,902251,Current
TX544,986.4920004,3,1011.878535,5,22,Monday,1:00,47,Male,1460152,Current
TX545,1011.325432,1,1005.101067,18,29,Monday,19:00,55,Male,404188,Savings
TX546,904.3872512,4,998.6273191,19,14,Monday,20:00,41,Female,949285,Savings
TX547,986.1341972,3,1014.303248,11,4,Wednesday,17:00,38,Female,1074107,Current
TX548,1003.340744,4,1021.538457,7,8,Tuesday,9:00,42,Female,1486995,Savings
TX549,993.8645533,1,1001.867447,9,23,Friday,23:00,62,Female,804677,Current
TX550,3227.459108,4,1012.042366,7,11,Thursday,11:00,29,Female,566150,Savings
TX551,1012.887627,3,975.1647885,17,29,Saturday,8:00,56,Male,650164,Savings
TX552,971.2726512,3,991.6027308,8,25,Thursday,0:00,39,Female,1047108,Savings
TX553,929.1783186,3,1013.063862,14,22,Tuesday,20:00,32,Male,1450997,Current
TX554,891.7845066,4,993.4280112,18,15,Monday,16:00,43,Female,1477228,Savings
TX555,996.5861189,2,982.972591,17,6,Wednesday,13:00,31,Female,866510,Savings
TX556,1011.470162,1,978.3772577,15,13,Monday,20:00,52,Female,964635,Savings
TX557,1016.803558,2,1039.143491,19,5,Tuesday,19:00,23,Female,669349,Savings
TX558,1059.385959,4,1030.711248,5,25,Saturday,13:00,30,Male,1101151,Current
TX559,1003.796027,3,967.7985711,15,15,Thursday,2:00,34,Female,1047410,Current
TX560,1036.862627,2,978.1677761,16,8,Friday,16:00,24,Female,1449282,Savings
TX561,946.5356572,2,964.2610854,18,5,Sunday,14:00,21,Male,1054471,Savings
TX562,1015.872663,2,993.3427919,8,13,Tuesday,12:00,19,Female,411362,Savings
TX563,1000.712208,3,968.4729658,19,9,Sunday,12:00,19,Male,1253847,Savings
TX564,887.1933846,1,986.736131,13,16,Wednesday,9:00,55,Male,489073,Savings
TX565,941.6881053,2,957.6831687,17,23,Friday,5:00,63,Female,1125963,Current
TX566,1036.611725,4,995.7321556,14,18,Sunday,7:00,49,Female,1226921,Current
TX567,909.1010387,3,1015.194246,19,3,Tuesday,10:00,60,Male,845726,Current
TX568,1075.381678,1,986.1569558,10,24,Saturday,2:00,39,Female,645280,Current
TX569,1067.333486,3,990.5130912,17,27,Tuesday,2:00,26,Male,356635,Savings
TX570,2973.267078,2,972.7150449,5,27,Monday,8:00,40,Male,1427113,Savings
TX571,935.3429228,3,1011.447806,8,23,Saturday,1:00,62,Male,1056079,Savings
TX572,1069.526129,2,994.5964656,13,14,Tuesday,22:00,58,Female,923640,Current
TX573,1052.435356,2,1033.108142,14,3,Wednesday,10:00,38,Female,340149,Current
TX574,1024.560383,4,992.8394124,13,10,Tuesday,21:00,28,Female,653039,Current
TX575,2713.596587,1,1026.366046,15,26,Saturday,11:00,60,Female,1240335,Savings
TX576,951.4623856,4,1028.248948,11,22,Tuesday,14:00,25,Male,855710,Current
TX577,1042.338539,4,957.4554516,16,12,Friday,10:00,34,Female,739358,Savings
TX578,964.6187053,1,985.7565227,12,5,Tuesday,15:00,53,Female,1443413,Current
TX579,1042.099185,2,992.615856,11,16,Saturday,9:00,24,Female,404428,Savings
TX580,1018.159115,1,1010.390927,7,15,Thursday,14:00,63,Male,420243,Current
TX581,1012.608368,4,976.2786154,9,27,Sunday,19:00,46,Male,380152,Savings
TX582,959.6818651,2,973.088332,6,5,Saturday,3:00,47,Male,858866,Current
TX583,952.712697,2,1012.164924,10,29,Thursday,21:00,64,Male,476968,Savings
TX584,976.5429317,2,971.4370301,8,15,Sunday,19:00,26,Female,1038591,Current
TX585,981.2253057,4,1023.647057,11,11,Friday,21:00,21,Female,884668,Savings
TX586,1012.294841,4,940.938498,7,10,Saturday,2:00,38,Male,1187198,Current
TX587,985.9865448,2,963.4803152,15,20,Tuesday,1:00,19,Female,1187099,Savings
TX588,1000.45221,4,1042.074638,18,7,Friday,10:00,41,Male,433248,Current
TX589,1027.779434,4,1048.585653,19,17,Monday,10:00,45,Male,1093567,Current
TX590,952.384181,2,986.4600972,11,2,Tuesday,23:00,21,Male,1303466,Current
TX591,977.3447066,2,1017.89447,15,17,Saturday,1:00,33,Male,445281,Current
TX592,913.9777195,2,1036.55362,16,25,Friday,9:00,59,Male,682688,Current
TX593,1068.526807,2,1013.904058,19,5,Saturday,15:00,62,Male,471541,Current
TX594,1018.500142,3,986.1102343,13,16,Tuesday,1:00,29,Female,321067,Current
TX595,1003.946391,1,993.9272293,6,16,Thursday,6:00,19,Female,853280,Current
TX596,1059.728172,2,1018.41451,15,2,Sunday,13:00,19,Male,831740,Current
TX597,1019.271629,4,1025.633184,17,7,Friday,9:00,63,Male,442157,Current
TX598,1018.816089,2,1006.224318,12,6,Thursday,12:00,53,Male,1486837,Current
TX599,1095.077963,4,1004.896387,12,25,Monday,12:00,53,Female,1279091,Savings
TX600,994.2173216,4,1005.051799,17,27,Wednesday,4:00,21,Female,900724,Savings
TX601,1060.630412,3,1034.696638,18,6,Thursday,15:00,34,Male,372684,Current
TX602,1010.114453,1,995.175945,13,22,Sunday,11:00,51,Female,1254138,Savings
TX603,1076.757436,3,986.8608965,18,15,Wednesday,0:00,48,Female,947952,Current
TX604,942.391531,2,1003.560615,11,8,Friday,19:00,52,Female,709925,Savings
TX605,977.8132243,2,1023.898443,17,5,Thursday,7:00,18,Female,897578,Savings
TX606,960.2155119,4,996.3230624,7,20,Saturday,2:00,18,Male,1172318,Savings
TX607,939.6489176,1,978.4937521,6,29,Thursday,5:00,25,Male,609378,Current
TX608,1042.141562,4,1024.129603,16,20,Friday,19:00,26,Female,971986,Savings
TX609,1088.059406,1,999.9937265,15,13,Friday,21:00,45,Male,998419,Savings
TX610,1072.235625,3,999.2257235,7,8,Thursday,7:00,59,Male,841529,Current
TX611,997.3047575,3,980.3539284,17,28,Monday,19:00,36,Male,363014,Savings
TX612,998.8011349,3,1008.825431,18,11,Tuesday,9:00,44,Male,622341,Savings
TX613,912.1819484,2,1003.573015,18,20,Saturday,16:00,59,Male,776379,Current
TX614,1079.491949,4,1011.481424,11,11,Sunday,3:00,42,Female,1315691,Current
TX615,1025.139221,3,1035.927216,7,21,Friday,13:00,41,Female,1334104,Current
TX616,1031.341683,3,1003.729759,18,26,Wednesday,21:00,58,Male,778705,Current
TX617,1021.415835,2,1001.54313,13,22,Friday,18:00,50,Male,610435,Current
TX618,951.1009895,2,999.965366,18,20,Friday,12:00,32,Female,1480594,Current
TX619,959.4574433,2,1044.36687,10,23,Monday,9:00,24,Female,736048,Savings
TX620,1122.229138,1,989.1543532,6,6,Wednesday,19:00,50,Female,905108,Savings
TX621,989.8799006,4,1001.53908,15,22,Tuesday,3:00,18,Female,363965,Current
TX622,961.5344988,4,994.7734188,17,24,Wednesday,3:00,60,Female,1206395,Savings
TX623,961.463147,3,991.1940643,15,27,Sunday,3:00,54,Male,510448,Current
TX624,900.4338976,4,1005.210348,11,9,Thursday,21:00,28,Female,1203275,Savings
TX625,988.4533775,2,1013.696855,9,7,Friday,0:00,43,Male,1318454,Current
TX626,950.8438933,4,967.6238938,12,24,Saturday,18:00,54,Female,638526,Savings
TX627,1026.425894,3,1025.627851,13,22,Friday,11:00,46,Female,563328,Savings
TX628,903.431157,2,1017.40498,8,7,Friday,11:00,35,Female,555658,Current
TX629,1080.919066,2,994.7790762,5,12,Wednesday,10:00,21,Male,1128282,Savings
TX630,911.1994123,1,1021.27882,12,22,Tuesday,11:00,23,Female,1269752,Savings
TX631,984.8384538,3,999.3177019,19,14,Sunday,18:00,26,Female,407449,Savings
TX632,1070.01999,4,1011.084494,15,10,Wednesday,6:00,32,Male,875610,Savings
TX633,980.6150042,4,991.7276867,17,15,Wednesday,5:00,29,Male,1446204,Current
TX634,881.1783572,3,993.2261732,14,20,Sunday,3:00,38,Female,591975,Savings
TX635,1084.786144,4,1037.945774,13,28,Saturday,12:00,24,Female,817733,Current
TX636,867.5450228,2,1027.030058,15,16,Saturday,7:00,42,Female,921912,Current
TX637,918.1197541,1,1002.392005,11,11,Saturday,14:00,22,Female,1374602,Current
TX638,986.8729838,3,989.9726916,16,25,Thursday,18:00,44,Male,748648,Current
TX639,981.9344719,1,998.7163168,8,14,Monday,1:00,20,Male,425849,Current
TX640,1076.50976,4,1013.298543,11,13,Friday,4:00,42,Male,1131635,Current
TX641,1024.809959,2,989.2936657,14,23,Friday,17:00,64,Female,604958,Current
TX642,983.8284535,3,1028.940709,13,23,Wednesday,18:00,52,Male,1226694,Current
TX643,1025.135745,2,993.0341309,17,12,Monday,0:00,60,Male,1130326,Savings
TX644,991.4849517,3,1000.791215,6,12,Sunday,0:00,36,Female,738963,Current
TX645,960.2221466,3,1008.487879,12,16,Saturday,12:00,40,Female,1128411,Savings
TX646,951.7167598,2,1032.583327,12,12,Sunday,22:00,39,Male,1188916,Current
TX647,947.9772517,1,996.3152392,5,6,Sunday,18:00,40,Female,480074,Current
TX648,908.4158876,3,978.9738018,6,23,Sunday,0:00,38,Male,558360,Savings
TX649,969.1773827,4,979.9267758,6,24,Wednesday,14:00,57,Female,927122,Current
TX650,1060.233722,4,987.5180258,15,6,Wednesday,8:00,62,Male,995385,Current
TX651,945.0954353,1,1000.783092,11,20,Friday,21:00,45,Female,1065328,Savings
TX652,953.5814165,2,1011.355142,6,9,Saturday,10:00,55,Male,300901,Current
TX653,1003.208356,4,992.7978809,7,23,Friday,2:00,50,Female,787063,Savings
TX654,955.5275625,3,993.4303406,18,1,Thursday,12:00,60,Male,1171905,Savings
TX655,1011.216983,3,1018.080351,11,19,Monday,15:00,26,Male,1470473,Savings
TX656,971.3902965,4,984.199744,12,23,Tuesday,1:00,42,Female,733797,Savings
TX657,965.5583803,1,1002.854967,15,7,Sunday,9:00,27,Male,347645,Current
TX658,1030.486678,4,1033.18191,8,29,Monday,14:00,21,Male,1153159,Current
TX659,1053.418967,4,1012.082418,5,16,Sunday,2:00,22,Male,396502,Savings
TX660,1053.224138,3,1011.247366,6,29,Friday,3:00,59,Male,635468,Savings
TX661,951.3310581,4,1020.142667,7,16,Sunday,13:00,26,Female,1175817,Savings
TX662,1000.009333,4,1023.012151,9,10,Thursday,23:00,26,Female,1330451,Current
TX663,1100.601707,4,1002.723458,11,7,Sunday,20:00,40,Male,1147516,Current
TX664,1050.218832,3,985.9892634,19,25,Sunday,17:00,37,Female,302795,Current
TX665,996.2522017,4,1009.710986,14,23,Saturday,2:00,52,Male,1246769,Savings
TX666,967.6527414,1,979.6687824,7,22,Wednesday,18:00,64,Female,844061,Current
TX667,1005.47038,4,1001.515187,19,25,Thursday,22:00,52,Male,707821,Current
TX668,924.5906073,1,976.8604305,19,22,Wednesday,7:00,35,Female,506555,Current
TX669,982.0255605,1,1050.075925,19,13,Friday,6:00,44,Female,310785,Current
TX670,1021.837177,2,995.2000356,11,6,Friday,22:00,34,Female,1233015,Savings
TX671,962.3622325,2,984.2232688,6,28,Wednesday,10:00,55,Male,1403036,Savings
TX672,1059.636758,2,974.8426369,15,8,Wednesday,19:00,49,Female,352949,Savings
TX673,1051.472874,4,1017.446308,10,4,Wednesday,2:00,62,Female,1072378,Current
TX674,1026.957206,1,1019.567399,6,4,Friday,8:00,34,Male,704911,Savings
TX675,1018.940526,4,1007.556584,19,3,Thursday,13:00,48,Female,483163,Savings
TX676,971.4126979,2,1006.65215,10,14,Tuesday,14:00,32,Male,1101818,Current
TX677,1053.258598,4,1029.052335,19,3,Saturday,14:00,30,Female,792503,Savings
TX678,1003.006849,4,1006.951782,18,20,Monday,12:00,18,Female,341505,Savings
TX679,928.2045238,1,973.6836837,17,2,Tuesday,21:00,24,Male,436668,Current
TX680,966.4462287,3,997.4150948,10,2,Monday,4:00,31,Female,447032,Savings
TX681,922.3286101,1,1034.917427,17,21,Saturday,2:00,54,Female,1223953,Savings
TX682,950.2298198,1,1036.54523,14,23,Tuesday,3:00,38,Female,961414,Current
TX683,1044.829433,3,966.5550045,13,5,Friday,19:00,33,Male,494152,Current
TX684,960.153037,2,1052.96288,13,2,Monday,10:00,53,Male,855839,Current
TX685,1041.380099,1,988.7707129,10,27,Saturday,0:00,35,Male,851238,Savings
TX686,994.0029363,4,1014.808142,8,4,Friday,17:00,44,Female,1317375,Savings
TX687,951.2214717,3,1015.506284,8,28,Saturday,15:00,51,Female,813622,Savings
TX688,957.9334419,1,1018.674806,17,24,Tuesday,21:00,30,Male,861340,Savings
TX689,1056.920776,3,1000.560258,10,19,Saturday,1:00,21,Female,604962,Current
TX690,970.7387002,3,1020.113102,12,6,Saturday,0:00,21,Male,1180432,Current
TX691,951.2316986,3,1026.070159,19,12,Tuesday,18:00,23,Female,770949,Savings
TX692,1005.7799,3,977.6719044,7,22,Sunday,22:00,52,Male,1034172,Savings
TX693,896.2205995,2,998.2786061,5,16,Tuesday,22:00,34,Female,1054981,Savings
TX694,953.9708553,2,990.1501922,12,22,Wednesday,23:00,36,Male,773656,Current
TX695,1024.250065,1,990.6435563,10,5,Monday,18:00,18,Male,675572,Current
TX696,989.8541268,1,1004.407037,10,8,Tuesday,15:00,45,Male,1267241,Current
TX697,982.9206039,3,1000.034687,11,7,Thursday,20:00,24,Male,732941,Savings
TX698,1106.826037,2,974.7258341,14,18,Friday,16:00,54,Male,1293931,Current
TX699,1032.748779,4,1016.215973,5,22,Sunday,20:00,23,Female,986290,Savings
TX700,936.7750797,3,964.1378709,11,26,Friday,6:00,32,Male,382987,Current
TX701,1039.849793,3,1009.014776,13,5,Friday,1:00,50,Male,833285,Savings
TX702,1065.738991,2,988.6897742,7,15,Wednesday,22:00,46,Male,407041,Current
TX703,1077.652054,3,950.3602733,7,26,Sunday,17:00,60,Female,1112934,Savings
TX704,1012.390564,4,1025.662806,10,7,Tuesday,6:00,43,Female,1483969,Savings
TX705,1025.678421,4,1037.340742,5,1,Tuesday,18:00,64,Female,699017,Savings
TX706,1036.076451,4,1002.146318,13,15,Saturday,16:00,63,Male,801946,Current
TX707,973.7668796,4,1009.873097,6,7,Friday,14:00,42,Male,1487030,Savings
TX708,963.9291825,2,997.0438699,5,11,Tuesday,4:00,60,Female,974932,Current
TX709,963.8004834,4,996.092193,18,24,Monday,16:00,41,Male,1080516,Current
TX710,984.0686298,4,1021.644758,18,24,Monday,3:00,34,Female,985328,Current
TX711,1033.136291,1,983.8572003,6,23,Friday,23:00,27,Male,939888,Current
TX712,976.4878204,1,991.4187225,17,18,Monday,8:00,31,Male,549264,Current
TX713,1133.898864,3,1001.293889,15,12,Monday,12:00,32,Male,1053818,Savings
TX714,923.364972,3,996.074387,14,20,Tuesday,13:00,45,Female,1233296,Savings
TX715,971.2059144,2,942.0021244,5,10,Wednesday,16:00,61,Male,1134123,Current
TX716,972.9437314,3,1021.337402,5,23,Tuesday,2:00,25,Female,1453891,Savings
TX717,1007.982388,2,1011.428168,8,16,Friday,21:00,18,Female,315896,Current
TX718,1083.453476,2,981.1488399,12,29,Sunday,5:00,33,Male,655398,Savings
TX719,1014.854173,2,1032.424538,18,7,Monday,12:00,37,Male,1206814,Current
TX720,1003.850538,2,980.6532961,15,2,Saturday,11:00,47,Male,325739,Current
TX721,1002.117607,2,1010.984304,12,2,Thursday,20:00,45,Male,529167,Savings
TX722,1048.01524,4,1009.249672,6,20,Thursday,13:00,20,Male,1050774,Savings
TX723,1044.375198,4,1015.216933,18,16,Wednesday,1:00,61,Female,416220,Current
TX724,2903.890238,4,1073.154036,10,18,Thursday,19:00,47,Female,905556,Current
TX725,970.1512857,4,952.1939127,7,6,Thursday,20:00,60,Female,884326,Savings
TX726,983.5527957,4,1007.186052,7,26,Friday,22:00,54,Male,598254,Current
TX727,978.3978118,2,985.4538387,9,8,Friday,10:00,55,Female,406311,Savings
TX728,1006.702044,3,1004.812655,18,23,Saturday,9:00,29,Female,1348939,Current
TX729,1003.544533,2,982.0793687,14,17,Monday,2:00,48,Male,1349458,Current
TX730,965.2517004,2,999.4434491,17,2,Tuesday,20:00,39,Female,696419,Current
TX731,950.0400147,4,1004.395935,5,10,Tuesday,5:00,25,Female,1418844,Current
TX732,1055.81232,3,1030.160952,16,9,Tuesday,7:00,28,Female,900699,Savings
TX733,929.385284,4,1001.803653,12,4,Friday,9:00,29,Female,748013,Current
TX734,1021.44602,2,1012.217953,9,12,Tuesday,6:00,37,Female,896822,Current
TX735,896.7458477,2,1000.569152,10,22,Friday,11:00,39,Male,994089,Current
TX736,1082.168908,4,1007.212958,7,10,Friday,23:00,23,Male,732184,Current
TX737,995.001511,3,968.0872648,6,24,Thursday,19:00,49,Male,617231,Current
TX738,983.9003736,1,989.8455377,8,10,Tuesday,10:00,40,Female,341139,Savings
TX739,904.763056,3,975.5895165,11,8,Monday,20:00,19,Male,1164785,Current
TX740,988.74499,4,983.1525839,7,19,Tuesday,21:00,35,Female,733917,Current
TX741,966.0678469,4,993.6352494,9,10,Sunday,19:00,28,Female,1102009,Current
TX742,1014.026617,4,1020.32187,13,4,Tuesday,18:00,35,Male,657092,Current
TX743,954.1073784,3,987.0897615,10,16,Monday,11:00,41,Female,1119745,Current
TX744,998.8849858,1,986.2222891,9,26,Saturday,21:00,30,Male,325938,Current
TX745,1046.621744,3,991.6979942,14,26,Sunday,11:00,19,Female,1464395,Current
TX746,994.7828604,2,1007.866141,16,2,Sunday,4:00,24,Male,968875,Savings
TX747,1011.040425,4,979.795552,13,15,Friday,12:00,22,Female,561578,Current
TX748,1012.514766,1,1016.182321,18,18,Sunday,9:00,24,Male,927751,Savings
TX749,919.399055,3,984.4176406,8,21,Saturday,0:00,21,Male,1174506,Current
TX750,1015.727609,3,1002.772918,17,21,Friday,12:00,44,Male,735686,Savings
TX751,980.5826531,4,993.8876178,18,29,Sunday,3:00,57,Male,356116,Savings
TX752,924.3862204,1,982.0125175,16,9,Thursday,4:00,45,Female,906306,Current
TX753,945.0689787,2,1028.410086,10,4,Friday,0:00,24,Female,836119,Savings
TX754,1033.493573,3,1004.03088,14,11,Monday,14:00,55,Male,1367406,Current
TX755,991.9222008,3,987.5024716,14,12,Saturday,3:00,48,Female,1155953,Current
TX756,993.3717161,3,992.5486232,16,2,Thursday,4:00,20,Female,1348072,Savings
TX757,989.9823711,3,1004.636842,18,25,Sunday,1:00,58,Male,1160931,Current
TX758,944.3684719,2,999.3461937,19,28,Tuesday,15:00,29,Female,835620,Current
TX759,955.8770476,4,971.5285872,14,17,Wednesday,23:00,52,Female,590477,Savings
TX760,1084.217426,2,1020.000434,8,17,Wednesday,8:00,21,Male,1342630,Savings
TX761,1005.964835,4,998.6608019,11,15,Sunday,14:00,57,Male,1023503,Current
TX762,1003.329629,4,945.7351473,5,28,Tuesday,15:00,64,Female,633260,Savings
TX763,993.4631467,4,1022.098838,18,12,Saturday,3:00,20,Female,971088,Current
TX764,961.709501,3,999.309564,9,24,Thursday,11:00,48,Female,340633,Savings
TX765,1011.154561,3,1025.249798,11,28,Friday,20:00,32,Female,1023953,Current
TX766,1022.136014,1,1019.92702,6,14,Saturday,3:00,53,Male,510387,Savings
TX767,992.3594441,3,1030.164948,13,12,Friday,3:00,51,Male,1297057,Savings
TX768,933.5407433,1,998.7762312,14,10,Tuesday,5:00,44,Female,510047,Savings
TX769,951.3923801,1,1019.64639,18,21,Monday,8:00,34,Female,607268,Savings
TX770,1033.770456,3,997.3471371,19,19,Thursday,17:00,50,Female,807532,Current
TX771,1019.789942,1,1005.271016,15,17,Thursday,11:00,27,Male,1234149,Current
TX772,3009.401408,3,1001.797123,9,28,Sunday,15:00,63,Female,1030070,Savings
TX773,1003.325914,1,987.3587848,16,5,Friday,17:00,64,Male,1157692,Current
TX774,1027.697802,1,1017.156377,7,10,Friday,2:00,58,Male,1261858,Savings
TX775,958.765007,1,1026.66977,11,20,Thursday,11:00,62,Male,525121,Savings
TX776,992.0157406,1,1008.601314,5,23,Monday,16:00,19,Male,900338,Current
TX777,983.9768725,3,1000.495271,6,4,Wednesday,16:00,22,Male,1488597,Current
TX778,1099.4167,4,1045.609986,12,13,Thursday,5:00,42,Female,832125,Current
TX779,1125.57698,1,999.1889877,8,19,Saturday,4:00,35,Male,1276809,Savings
TX780,1064.331291,3,987.8003076,11,17,Monday,14:00,49,Male,1015003,Current
TX781,1008.868959,3,958.0025354,7,13,Thursday,19:00,18,Female,319156,Current
TX782,1001.260543,3,969.1376354,15,27,Saturday,6:00,39,Female,1181809,Current
TX783,1048.604541,1,1026.068669,17,18,Thursday,7:00,48,Male,1333981,Savings
TX784,944.5876424,4,1031.881643,10,27,Sunday,8:00,26,Female,859650,Savings
TX785,1040.140203,2,1057.930372,8,7,Thursday,11:00,19,Female,1223882,Current
TX786,972.8203538,4,984.7580943,8,29,Saturday,22:00,21,Female,545847,Savings
TX787,1020.631531,3,987.9519676,16,10,Friday,11:00,59,Male,1092955,Savings
TX788,996.5938287,2,1007.279413,19,12,Tuesday,16:00,21,Female,857373,Savings
TX789,996.0236366,2,952.126317,10,18,Saturday,12:00,51,Male,1065710,Savings
TX790,925.7971668,2,995.8306358,10,10,Wednesday,2:00,29,Female,950332,Savings
TX791,1060.330408,4,969.4566429,6,4,Tuesday,6:00,41,Male,927763,Current
TX792,978.8200709,2,972.6876519,13,27,Friday,18:00,38,Male,369093,Current
TX793,968.498751,4,1014.63911,10,3,Sunday,23:00,61,Female,738744,Savings
TX794,1024.735283,2,1007.668701,17,27,Saturday,16:00,53,Female,1449697,Savings
TX795,999.0063182,4,997.8547047,16,11,Wednesday,21:00,64,Female,744854,Savings
TX796,1013.031393,4,1005.973089,12,5,Thursday,6:00,56,Female,572168,Savings
TX797,1008.044219,1,981.5481467,12,10,Monday,7:00,33,Male,1381516,Savings
TX798,1089.563253,1,1002.947025,12,10,Tuesday,19:00,51,Male,1269246,Current
TX799,997.6314649,2,968.3564647,10,9,Sunday,19:00,51,Male,807800,Savings
TX800,909.801668,1,1009.639156,15,6,Friday,22:00,44,Male,353997,Savings
TX801,1032.471523,2,1011.635579,8,25,Sunday,16:00,46,Female,457255,Savings
TX802,1092.948885,2,1019.64358,6,15,Friday,6:00,35,Female,1000146,Savings
TX803,1019.80997,2,963.8328714,15,16,Thursday,17:00,40,Female,1453248,Current
TX804,1009.574643,2,982.1294703,16,2,Saturday,12:00,58,Female,532911,Current
TX805,1014.763997,1,984.4700172,11,13,Thursday,23:00,44,Male,696601,Current
TX806,935.5774907,3,1011.178119,14,15,Friday,5:00,22,Female,779702,Current
TX807,1023.137136,3,939.0814234,13,29,Saturday,18:00,56,Male,788195,Savings
TX808,1072.931972,1,996.3672707,8,11,Monday,5:00,28,Male,1282426,Current
TX809,976.8521949,2,972.1544764,18,2,Wednesday,3:00,28,Female,587166,Current
TX810,1017.614522,3,982.5645862,5,25,Wednesday,5:00,37,Female,1425054,Savings
TX811,1054.086085,4,990.8722708,17,10,Friday,8:00,19,Female,1344385,Savings
TX812,1038.832301,2,998.8773143,6,12,Thursday,21:00,38,Female,889872,Current
TX813,1031.987972,3,994.9988309,14,5,Saturday,20:00,62,Female,629963,Current
TX814,991.6761307,3,990.6040661,15,16,Monday,15:00,54,Male,488674,Current
TX815,910.9420793,1,955.3906396,6,22,Wednesday,5:00,43,Male,412313,Current
TX816,946.197861,1,1004.316389,15,8,Monday,20:00,24,Male,773919,Current
TX817,940.1301144,2,983.8134515,19,21,Thursday,7:00,63,Male,539646,Current
TX818,1023.015836,1,1044.884504,19,26,Tuesday,21:00,33,Female,1347635,Savings
TX819,980.1571478,3,975.064435,11,9,Friday,15:00,55,Male,1058171,Savings
TX820,991.7058475,1,995.6399438,5,25,Monday,23:00,30,Male,1335865,Current
TX821,918.4362752,4,991.9305388,16,8,Sunday,4:00,59,Female,757576,Current
TX822,1042.503967,1,1008.353615,11,10,Tuesday,19:00,42,Male,1079957,Savings
TX823,1049.089047,2,967.0815231,10,21,Tuesday,17:00,40,Female,784353,Current
TX824,976.9415134,1,1015.131293,5,17,Wednesday,0:00,62,Male,1171901,Savings
TX825,3094.646173,3,987.3300662,15,24,Saturday,11:00,62,Female,1056556,Current
TX826,976.958383,3,992.5314061,12,28,Thursday,15:00,57,Female,859119,Current
TX827,959.0133939,3,1016.866602,19,25,Tuesday,10:00,18,Female,1342137,Savings
TX828,974.6133348,3,962.8117335,17,10,Wednesday,17:00,51,Male,540617,Current
TX829,916.7345461,1,994.1695738,14,1,Friday,15:00,32,Female,536545,Savings
TX830,997.5397542,4,1009.781678,16,13,Monday,23:00,52,Male,403535,Current
TX831,973.5111765,3,1020.525129,13,16,Tuesday,18:00,18,Male,1460831,Savings
TX832,930.8253814,1,955.5511845,8,5,Friday,3:00,53,Female,442003,Current
TX833,975.6147314,1,1021.48666,6,22,Tuesday,20:00,53,Female,531807,Current
TX834,1021.143942,3,944.5155965,13,14,Monday,4:00,19,Male,320655,Savings
TX835,1037.122946,3,987.2482492,13,19,Wednesday,4:00,35,Female,389743,Savings
TX836,969.4150169,2,941.2767594,11,12,Wednesday,4:00,34,Female,1160665,Current
TX837,1006.609323,1,997.7056575,5,1,Thursday,3:00,35,Female,724632,Current
TX838,933.2473952,2,978.196643,17,15,Friday,3:00,35,Male,1263313,Current
TX839,1013.914949,4,993.9015558,15,14,Wednesday,18:00,59,Male,423199,Savings
TX840,1004.940902,2,988.7322067,19,20,Tuesday,15:00,42,Female,323525,Current
TX841,992.355794,1,985.0044631,16,20,Friday,7:00,61,Male,307265,Current
TX842,980.2763653,3,1006.391853,17,9,Tuesday,0:00,20,Female,546301,Current
TX843,1032.726842,2,986.6738176,13,29,Saturday,8:00,43,Male,378209,Savings
TX844,1001.403939,1,1002.084559,7,13,Sunday,11:00,52,Male,507158,Current
TX845,1020.216774,3,981.7541007,16,15,Tuesday,17:00,30,Female,1038925,Current
TX846,963.3736158,2,999.434347,12,11,Sunday,1:00,54,Female,445693,Savings
TX847,990.1504676,3,987.7843611,7,13,Wednesday,23:00,23,Male,317194,Current
TX848,1043.907397,4,995.0725628,5,4,Tuesday,10:00,56,Male,559425,Savings
TX849,945.3929203,4,994.9264784,8,14,Thursday,21:00,47,Male,647761,Savings
TX850,948.6201124,2,990.2821035,12,2,Monday,14:00,26,Female,381171,Current
TX851,1046.983712,3,1024.858268,19,8,Wednesday,22:00,44,Female,1055737,Savings
TX852,1050.910479,2,947.614021,14,29,Sunday,8:00,50,Male,509124,Current
TX853,955.6335271,3,1015.435924,11,26,Thursday,7:00,22,Female,1326153,Savings
TX854,1054.803495,2,1008.506426,9,22,Sunday,12:00,45,Female,1256010,Current
TX855,966.0384673,2,941.7148802,9,26,Friday,6:00,50,Female,1172089,Current
TX856,946.7621922,2,996.6271626,5,6,Saturday,17:00,55,Female,1414217,Current
TX857,1031.866234,4,1032.326001,16,10,Monday,22:00,46,Male,1080237,Current
TX858,1018.354792,3,997.3280441,16,3,Saturday,21:00,40,Female,395335,Savings
TX859,1012.304181,1,983.9543995,14,21,Sunday,8:00,32,Female,466963,Current
TX860,1035.920871,3,996.8450603,14,2,Wednesday,5:00,20,Male,1282014,Current
TX861,1066.428974,3,971.3760755,7,18,Sunday,8:00,29,Female,648292,Savings
TX862,1023.412165,4,999.596467,19,29,Tuesday,11:00,30,Male,1399044,Current
TX863,1073.551735,3,986.0100956,14,14,Friday,2:00,32,Male,1393982,Current
TX864,936.4294409,3,975.0541471,6,6,Sunday,18:00,57,Male,832249,Savings
TX865,1015.574803,2,982.2867548,13,6,Sunday,20:00,18,Male,910682,Savings
TX866,1070.346737,4,990.3176301,16,13,Monday,7:00,20,Male,1303750,Savings
TX867,969.5824618,2,1011.850606,11,5,Monday,20:00,28,Female,1484836,Current
TX868,1119.4186,2,1023.685133,18,5,Wednesday,10:00,40,Female,1123271,Savings
TX869,3108.424034,3,1002.235983,9,21,Tuesday,4:00,62,Female,687932,Savings
TX870,1042.804793,4,1011.501215,6,25,Tuesday,5:00,58,Female,399122,Current
TX871,982.0773697,4,1008.992165,13,25,Wednesday,2:00,29,Male,920804,Savings
TX872,921.4593983,1,1011.413896,19,22,Wednesday,20:00,37,Male,999495,Current
TX873,972.2963136,2,1007.64261,8,28,Tuesday,19:00,29,Female,388780,Current
TX874,1029.234164,1,992.5954882,12,18,Sunday,17:00,30,Female,773594,Savings
TX875,1014.491216,1,1011.868675,19,5,Saturday,15:00,58,Female,913655,Current
TX876,976.54129,4,1024.684956,14,5,Thursday,22:00,33,Female,786626,Current
TX877,1024.840625,3,983.180372,9,14,Sunday,16:00,50,Female,1038456,Savings
TX878,2982.897583,3,972.3798539,5,26,Saturday,19:00,47,Male,551666,Current
TX879,970.3141971,2,1022.165336,11,14,Monday,6:00,57,Female,1157617,Savings
TX880,1033.991017,2,1002.750391,5,19,Wednesday,5:00,52,Female,651863,Current
TX881,895.4848551,4,996.5948351,14,10,Friday,10:00,44,Male,764271,Current
TX882,992.4941524,3,974.7198766,5,16,Sunday,15:00,52,Female,1001433,Current
TX883,976.868769,3,995.3595098,5,21,Tuesday,10:00,53,Female,1352631,Current
TX884,1047.65008,1,981.5141508,16,21,Friday,5:00,20,Female,392115,Savings
TX885,966.2313381,1,1023.106008,9,6,Friday,1:00,64,Female,441774,Current
TX886,1066.234935,2,996.8878414,10,7,Saturday,23:00,48,Female,553724,Savings
TX887,992.0847261,4,996.3229221,8,26,Friday,21:00,44,Female,1347738,Savings
TX888,1004.225257,2,1015.959891,9,26,Monday,2:00,25,Female,821397,Savings
TX889,981.0824059,1,1002.906361,16,3,Wednesday,10:00,48,Female,558480,Current
TX890,1002.526817,3,1029.796053,7,12,Sunday,10:00,54,Female,425604,Current
TX891,1012.389359,2,1032.025967,16,2,Thursday,14:00,21,Male,1012917,Savings
TX892,1009.342985,2,1011.782364,7,11,Thursday,23:00,19,Female,308314,Current
TX893,972.9157199,2,1006.817357,11,18,Saturday,21:00,27,Male,693186,Savings
TX894,951.3629613,3,1010.283905,18,24,Thursday,10:00,56,Male,1315576,Savings
TX895,1043.537332,3,1018.976262,10,21,Thursday,19:00,61,Male,1274303,Savings
TX896,965.649295,4,972.9888807,16,14,Monday,18:00,52,Male,1426500,Savings
TX897,933.1857956,4,1020.248769,7,17,Monday,10:00,48,Male,1244353,Current
TX898,1009.227265,2,1019.691106,6,15,Sunday,16:00,49,Female,818790,Current
TX899,987.4992657,2,982.3557841,5,14,Saturday,18:00,41,Male,818993,Savings
TX900,1002.677032,2,1019.432191,7,20,Friday,9:00,45,Male,831661,Savings
TX901,971.5275113,2,997.5195723,10,13,Friday,7:00,21,Female,831930,Current
TX902,1007.57716,3,965.1721879,19,26,Monday,4:00,51,Female,1499110,Savings
TX903,954.9252447,2,1012.067463,11,28,Sunday,13:00,55,Female,705123,Current
TX904,989.9959717,1,988.1499621,11,6,Thursday,4:00,20,Female,1099595,Savings
TX905,978.9261126,4,977.3791525,7,16,Thursday,10:00,57,Male,825122,Savings
TX906,1080.225379,3,978.847956,18,2,Tuesday,18:00,26,Male,690447,Savings
TX907,940.1906565,1,993.8639297,14,25,Thursday,13:00,61,Female,1150712,Savings
TX908,935.4719289,4,997.1348217,15,8,Tuesday,3:00,36,Male,816379,Current
TX909,1048.477403,1,1009.42705,14,19,Saturday,21:00,20,Female,928580,Savings
TX910,1019.458491,3,1000.014173,15,8,Thursday,1:00,26,Female,1143521,Savings
TX911,1061.764626,4,996.5212986,11,8,Friday,21:00,50,Male,809163,Current
TX912,1069.289471,4,1003.758294,15,1,Wednesday,19:00,50,Male,751069,Current
TX913,1052.939034,2,1003.962633,12,25,Tuesday,1:00,26,Female,1191255,Current
TX914,946.1512227,2,1020.717693,11,14,Tuesday,13:00,39,Female,1196650,Savings
TX915,946.8413322,4,1008.292658,10,5,Wednesday,7:00,51,Female,590655,Current
TX916,1054.355118,1,1006.304899,19,14,Thursday,21:00,33,Male,507580,Savings
TX917,1014.338706,1,997.0558944,17,21,Tuesday,20:00,22,Female,311017,Savings
TX918,1057.183787,1,1020.369069,5,20,Monday,14:00,63,Female,1218472,Current
TX919,994.2598876,4,1011.335435,14,25,Monday,16:00,42,Male,891293,Savings
TX920,1035.570529,2,1062.258204,18,7,Monday,23:00,21,Female,931581,Current
TX921,963.558845,4,1006.085568,19,6,Wednesday,22:00,21,Male,529171,Savings
TX922,991.340808,3,993.4667448,12,1,Tuesday,6:00,29,Female,327197,Current
TX923,1002.139145,1,1009.883604,6,13,Friday,22:00,53,Female,1405323,Savings
TX924,990.703776,1,968.0121048,6,28,Thursday,14:00,48,Female,710343,Savings
TX925,1064.403786,4,1000.29018,9,9,Sunday,7:00,49,Male,721743,Savings
TX926,1014.552202,3,1040.084575,9,13,Sunday,4:00,60,Female,1447547,Current
TX927,1052.153069,3,1027.248039,11,7,Saturday,2:00,62,Male,1089622,Savings
TX928,957.900311,1,1002.655756,8,27,Monday,13:00,34,Female,643243,Current
TX929,999.2656793,4,963.9699401,12,23,Thursday,9:00,46,Male,557137,Current
TX930,983.7134772,2,1014.810907,10,21,Friday,8:00,53,Female,1459070,Current
TX931,1046.999041,1,992.2091441,19,9,Sunday,9:00,29,Female,412223,Savings
TX932,1007.147481,4,1004.534234,10,26,Thursday,10:00,52,Female,588997,Current
TX933,955.5378156,1,1003.885228,6,16,Monday,19:00,39,Male,1119593,Savings
TX934,1002.064373,4,1020.743178,10,27,Thursday,4:00,40,Male,991898,Current
TX935,1019.144823,2,1013.779679,12,27,Thursday,18:00,31,Female,566278,Savings
TX936,2833.966439,3,1039.255925,10,12,Tuesday,17:00,24,Female,1018960,Current
TX937,999.9536687,4,989.5715591,11,22,Monday,2:00,55,Male,913587,Current
TX938,936.183204,4,983.3956656,18,17,Wednesday,9:00,52,Female,1058271,Savings
TX939,1002.880111,3,986.5626518,18,27,Monday,3:00,40,Male,1012585,Savings
TX940,1070.258503,1,995.1731446,18,15,Tuesday,3:00,54,Female,472903,Savings
TX941,946.3155671,3,1001.621651,7,18,Friday,18:00,36,Female,1260814,Current
TX942,998.0052808,2,971.9152087,8,16,Wednesday,6:00,29,Female,721001,Current
TX943,949.9166743,1,1015.762871,8,21,Friday,19:00,41,Male,1148182,Savings
TX944,967.484216,1,1012.207474,11,26,Wednesday,8:00,29,Male,1143810,Current
TX945,1029.425039,1,1013.337447,17,23,Wednesday,9:00,54,Female,672646,Savings
TX946,1017.671126,2,994.4572906,11,11,Sunday,12:00,48,Male,781153,Savings
TX947,1009.256252,2,970.9875669,11,4,Wednesday,1:00,33,Male,1389100,Savings
TX948,1012.61871,4,1008.957267,7,7,Saturday,7:00,30,Male,1081608,Current
TX949,1039.902994,1,976.4665634,15,7,Tuesday,18:00,21,Female,400025,Savings
TX950,1002.859431,1,1009.129395,16,7,Monday,0:00,18,Male,1037371,Current
TX951,959.2144445,1,1022.346711,8,1,Thursday,2:00,35,Male,373704,Current
TX952,955.9287547,3,1028.083319,18,29,Thursday,4:00,43,Male,1241208,Current
TX953,1083.684922,4,981.6697401,8,6,Thursday,20:00,30,Male,1329237,Current
TX954,934.9206009,3,962.9396303,11,20,Monday,13:00,53,Female,741168,Savings
TX955,1010.932965,4,991.0735897,12,20,Friday,7:00,41,Female,789858,Current
TX956,981.553028,2,1004.276176,10,14,Monday,12:00,50,Male,919225,Current
TX957,963.0453692,2,974.2808922,12,3,Sunday,18:00,47,Female,1112002,Savings
TX958,970.704702,4,993.0247107,16,29,Wednesday,16:00,57,Male,1490064,Savings
TX959,1033.143522,4,1001.51199,15,25,Monday,1:00,27,Male,694569,Current
TX960,1005.358496,4,978.4297452,16,11,Sunday,22:00,44,Female,1390284,Savings
TX961,1008.159923,2,991.6353443,10,9,Monday,14:00,43,Male,1131431,Savings
TX962,971.2808775,1,1006.696764,10,22,Wednesday,9:00,18,Female,305435,Savings
TX963,989.7005142,2,988.5518946,11,7,Wednesday,3:00,48,Female,1321728,Current
TX964,996.1777436,3,984.8923285,11,29,Monday,9:00,19,Male,336069,Savings
TX965,1025.668628,2,972.4876857,7,24,Sunday,10:00,32,Female,984659,Current
TX966,958.1649763,1,1012.095185,6,18,Sunday,14:00,35,Female,443953,Current
TX967,951.7108684,4,989.2285265,8,2,Wednesday,6:00,55,Female,941629,Current
TX968,979.3760494,2,985.22605,12,1,Wednesday,1:00,38,Male,586268,Savings
TX969,1013.62107,3,1008.349302,16,22,Thursday,17:00,18,Female,665837,Savings
TX970,1013.184474,4,1024.444554,12,13,Saturday,1:00,33,Male,998093,Current
TX971,1017.588307,3,1010.476147,15,29,Friday,16:00,56,Male,429065,Savings
TX972,1030.491454,4,958.4073344,14,27,Tuesday,13:00,29,Male,1102207,Savings
TX973,1080.939382,3,1008.316533,5,24,Friday,9:00,19,Female,333734,Current
TX974,925.1920593,2,981.6357567,18,17,Monday,8:00,37,Female,993812,Current
TX975,960.612992,1,985.240041,8,9,Monday,21:00,35,Male,360107,Savings
TX976,1023.784802,3,983.9685212,11,16,Friday,15:00,18,Female,824658,Current
TX977,1095.364892,2,971.2781697,10,8,Friday,0:00,19,Male,870141,Current
TX978,991.7140286,3,999.8269069,13,10,Thursday,4:00,21,Male,924588,Savings
TX979,1008.758747,1,980.6944732,11,29,Tuesday,0:00,59,Male,465486,Current
TX980,1023.779422,1,965.0620862,11,7,Sunday,11:00,42,Male,512854,Savings
TX981,996.4329151,1,1017.024916,5,1,Wednesday,5:00,54,Male,430334,Savings
TX982,1002.119749,2,1009.099523,18,4,Thursday,20:00,32,Male,899559,Savings
TX983,962.7621522,4,993.3924787,8,16,Saturday,11:00,33,Female,890642,Savings
TX984,1049.98574,1,982.0366123,19,18,Tuesday,9:00,56,Male,449457,Savings
TX985,1075.55401,3,957.3272832,8,28,Friday,19:00,27,Female,381238,Current
TX986,1008.378505,1,1023.245192,14,22,Thursday,0:00,30,Male,379360,Savings
TX987,944.7207645,4,1017.338923,19,23,Friday,10:00,34,Male,525121,Savings
TX988,990.4879578,3,970.0510666,19,17,Sunday,8:00,27,Female,511463,Savings
TX989,937.8876733,1,977.4882577,10,17,Wednesday,19:00,26,Female,393476,Current
TX990,1002.666083,2,986.6123493,13,3,Monday,21:00,40,Male,300801,Current
TX991,3091.310338,2,988.8573885,14,16,Thursday,0:00,25,Male,912236,Savings
TX992,921.2851326,2,979.9879524,18,5,Tuesday,18:00,64,Female,878725,Current
TX993,946.0890915,4,1007.541804,8,21,Tuesday,17:00,27,Female,833857,Savings
TX994,982.2441717,4,974.0072466,17,29,Saturday,13:00,21,Male,1142329,Current
TX995,901.1387577,3,976.3632286,17,19,Monday,5:00,46,Female,424746,Savings
TX996,928.9625155,4,1028.292292,10,25,Wednesday,9:00,58,Female,908278,Current
TX997,950.9216003,2,1022.823424,13,28,Friday,2:00,58,Female,1353498,Current
TX998,933.291962,4,994.3254499,10,8,Tuesday,4:00,58,Female,359072,Savings
TX999,968.2893403,3,979.0784197,18,10,Sunday,10:00,31,Female,1101680,Current